NO,KODE PROVINSI,KODE KABUPATEN/KOTA,KATEGORI,URAIAN,JUMLAH,SATUAN,TAHUN
1,15,1501,TERNAK BESAR,SAPI POTONG,"10,796",EKOR,2021
2,15,1501,TERNAK BESAR,SAPI PERAH,0,EKOR,2021
3,15,1501,TERNAK BESAR,KERBAU,"3,811",EKOR,2021
4,15,1501,TERNAK BESAR,KUDA,74,EKOR,2021
5,15,1502,TERNAK BESAR,SAPI POTONG,"17,510",EKOR,2021
6,15,1502,TERNAK BESAR,SAPI PERAH,0,EKOR,2021
7,15,1502,TERNAK BESAR,KERBAU,"5,415",EKOR,2021
8,15,1502,TERNAK BESAR,KUDA,3,EKOR,2021
9,15,1503,TERNAK BESAR,SAPI POTONG,"9,797",EKOR,2021
10,15,1503,TERNAK BESAR,SAPI PERAH,0,EKOR,2021
11,15,1503,TERNAK BESAR,KERBAU,"9,044",EKOR,2021
12,15,1503,TERNAK BESAR,KUDA,0,EKOR,2021
13,15,1504,TERNAK BESAR,SAPI POTONG,"9,137",EKOR,2021
14,15,1504,TERNAK BESAR,SAPI PERAH,0,EKOR,2021
15,15,1504,TERNAK BESAR,KERBAU,"9,875",EKOR,2021
16,15,1504,TERNAK BESAR,KUDA,0,EKOR,2021
17,15,1505,TERNAK BESAR,SAPI POTONG,"15,198",EKOR,2021
18,15,1505,TERNAK BESAR,SAPI PERAH,4,EKOR,2021
19,15,1505,TERNAK BESAR,KERBAU,"1,364",EKOR,2021
20,15,1505,TERNAK BESAR,KUDA,0,EKOR,2021
21,15,1507,TERNAK BESAR,SAPI POTONG,"21,474",EKOR,2021
22,15,1507,TERNAK BESAR,SAPI PERAH,0,EKOR,2021
23,15,1507,TERNAK BESAR,KERBAU,80,EKOR,2021
24,15,1507,TERNAK BESAR,KUDA,0,EKOR,2021
25,15,1506,TERNAK BESAR,SAPI POTONG,"9,021",EKOR,2021
26,15,1506,TERNAK BESAR,SAPI PERAH,0,EKOR,2021
27,15,1506,TERNAK BESAR,KERBAU,743,EKOR,2021
28,15,1506,TERNAK BESAR,KUDA,0,EKOR,2021
29,15,1509,TERNAK BESAR,SAPI POTONG,"21,188",EKOR,2021
30,15,1509,TERNAK BESAR,SAPI PERAH,0,EKOR,2021
31,15,1509,TERNAK BESAR,KERBAU,"10,472",EKOR,2021
32,15,1509,TERNAK BESAR,KUDA,0,EKOR,2021
33,15,1508,TERNAK BESAR,SAPI POTONG,"40,834",EKOR,2021
34,15,1508,TERNAK BESAR,SAPI PERAH,0,EKOR,2021
35,15,1508,TERNAK BESAR,KERBAU,"5,382",EKOR,2021
36,15,1508,TERNAK BESAR,KUDA,4,EKOR,2021
37,15,1571,TERNAK BESAR,SAPI POTONG,"1,582",EKOR,2021
38,15,1571,TERNAK BESAR,SAPI PERAH,10,EKOR,2021
39,15,1571,TERNAK BESAR,KERBAU,140,EKOR,2021
40,15,1571,TERNAK BESAR,KUDA,3,EKOR,2021
41,15,1572,TERNAK BESAR,SAPI POTONG,"4,563",EKOR,2021
42,15,1572,TERNAK BESAR,SAPI PERAH,0,EKOR,2021
43,15,1572,TERNAK BESAR,KERBAU,377,EKOR,2021
44,15,1572,TERNAK BESAR,KUDA,67,EKOR,2021
45,15,1501,TERNAK BESAR,SAPI POTONG,"10,977",EKOR,2022
46,15,1501,TERNAK BESAR,SAPI PERAH,0,EKOR,2022
47,15,1501,TERNAK BESAR,KERBAU,"4,241",EKOR,2022
48,15,1501,TERNAK BESAR,KUDA,42,EKOR,2022
49,15,1502,TERNAK BESAR,SAPI POTONG,"17,092",EKOR,2022
50,15,1502,TERNAK BESAR,SAPI PERAH,1,EKOR,2022
51,15,1502,TERNAK BESAR,KERBAU,"4,750",EKOR,2022
52,15,1502,TERNAK BESAR,KUDA,3,EKOR,2022
53,15,1503,TERNAK BESAR,SAPI POTONG,"8,828",EKOR,2022
54,15,1503,TERNAK BESAR,SAPI PERAH,0,EKOR,2022
55,15,1503,TERNAK BESAR,KERBAU,"8,610",EKOR,2022
56,15,1503,TERNAK BESAR,KUDA,0,EKOR,2022
57,15,1504,TERNAK BESAR,SAPI POTONG,"9,536",EKOR,2022
58,15,1504,TERNAK BESAR,SAPI PERAH,0,EKOR,2022
59,15,1504,TERNAK BESAR,KERBAU,"9,245",EKOR,2022
60,15,1504,TERNAK BESAR,KUDA,0,EKOR,2022
61,15,1505,TERNAK BESAR,SAPI POTONG,"15,445",EKOR,2022
62,15,1505,TERNAK BESAR,SAPI PERAH,3,EKOR,2022
63,15,1505,TERNAK BESAR,KERBAU,"1,212",EKOR,2022
64,15,1505,TERNAK BESAR,KUDA,1,EKOR,2022
65,15,1507,TERNAK BESAR,SAPI POTONG,"21,829",EKOR,2022
66,15,1507,TERNAK BESAR,SAPI PERAH,0,EKOR,2022
67,15,1507,TERNAK BESAR,KERBAU,81,EKOR,2022
68,15,1507,TERNAK BESAR,KUDA,0,EKOR,2022
69,15,1506,TERNAK BESAR,SAPI POTONG,"9,151",EKOR,2022
70,15,1506,TERNAK BESAR,SAPI PERAH,0,EKOR,2022
71,15,1506,TERNAK BESAR,KERBAU,748,EKOR,2022
72,15,1506,TERNAK BESAR,KUDA,0,EKOR,2022
73,15,1509,TERNAK BESAR,SAPI POTONG,"21,535",EKOR,2022
74,15,1509,TERNAK BESAR,SAPI PERAH,0,EKOR,2022
75,15,1509,TERNAK BESAR,KERBAU,"10,660",EKOR,2022
76,15,1509,TERNAK BESAR,KUDA,0,EKOR,2022
77,15,1508,TERNAK BESAR,SAPI POTONG,"41,446",EKOR,2022
78,15,1508,TERNAK BESAR,SAPI PERAH,0,EKOR,2022
79,15,1508,TERNAK BESAR,KERBAU,"5,049",EKOR,2022
80,15,1508,TERNAK BESAR,KUDA,4,EKOR,2022
81,15,1571,TERNAK BESAR,SAPI POTONG,"1,533",EKOR,2022
82,15,1571,TERNAK BESAR,SAPI PERAH,11,EKOR,2022
83,15,1571,TERNAK BESAR,KERBAU,166,EKOR,2022
84,15,1571,TERNAK BESAR,KUDA,5,EKOR,2022
85,15,1572,TERNAK BESAR,SAPI POTONG,"3,936",EKOR,2022
86,15,1572,TERNAK BESAR,SAPI PERAH,0,EKOR,2022
87,15,1572,TERNAK BESAR,KERBAU,344,EKOR,2022
88,15,1572,TERNAK BESAR,KUDA,66,EKOR,2022
