NO;kode_provinsi;kode_kabupaten_kota;nama;jumlah_produksi;satuan;tahun
1;15;1501;PADI;87517.43;TON;2022
2;15;1501;JANGUNG;4459.33;TON;2022
3;15;1501;KEDELAI;66.44;TON;2022
4;15;1501;KACANG TANAH;1406.33;TON;2022
5;15;1501;KACANG HIJAU;11.9;TON;2022
6;15;1501;UBI KAYU;7865.72;TON;2022
7;15;1501;UBI JALAR;28200.61;TON;2022
8;15;1502;PADI;23019.21;TON;2022
9;15;1502;JANGUNG;3758.22;TON;2022
10;15;1502;KEDELAI;222.81;TON;2022
11;15;1502;KACANG TANAH;460.29;TON;2022
12;15;1502;KACANG HIJAU;20.1;TON;2022
13;15;1502;UBI KAYU;11375.81;TON;2022
14;15;1502;UBI JALAR;6327.64;TON;2022
15;15;1503;PADI;13470.68;TON;2022
16;15;1503;JANGUNG;644.1;TON;2022
17;15;1503;KEDELAI;13.57;TON;2022
18;15;1503;KACANG TANAH;103.45;TON;2022
19;15;1503;KACANG HIJAU;10.6;TON;2022
20;15;1503;UBI KAYU;4143.55;TON;2022
21;15;1503;UBI JALAR;397.3;TON;2022
22;15;1504;PADI;22383.81;TON;2022
23;15;1504;JANGUNG;1231.02;TON;2022
24;15;1504;KEDELAI;97.47;TON;2022
25;15;1504;KACANG TANAH;256.15;TON;2022
26;15;1504;KACANG HIJAU;3;TON;2022
27;15;1504;UBI KAYU;3716.98;TON;2022
28;15;1504;UBI JALAR;700.79;TON;2022
29;15;1505;PADI;18599.51;TON;2022
30;15;1505;JANGUNG;2060.76;TON;2022
31;15;1505;KEDELAI;21.14;TON;2022
32;15;1505;KACANG TANAH;218.76;TON;2022
33;15;1505;KACANG HIJAU;1;TON;2022
34;15;1505;UBI KAYU;2480.75;TON;2022
35;15;1505;UBI JALAR;849.12;TON;2022
36;15;1506;PADI;24562.32;TON;2022
37;15;1506;JANGUNG;6326.32;TON;2022
38;15;1506;KEDELAI;208.27;TON;2022
39;15;1506;KACANG TANAH;131.58;TON;2022
40;15;1506;KACANG HIJAU;0;TON;2022
41;15;1506;UBI KAYU;2042.39;TON;2022
42;15;1506;UBI JALAR;896.5;TON;2022
43;15;1507;PADI;14339.58;TON;2022
44;15;1507;JANGUNG;2046.78;TON;2022
45;15;1507;KEDELAI;184.52;TON;2022
46;15;1507;KACANG TANAH;156.86;TON;2022
47;15;1507;KACANG HIJAU;1;TON;2022
48;15;1507;UBI KAYU;5256.49;TON;2022
49;15;1507;UBI JALAR;624.92;TON;2022
50;15;1508;PADI;19561.77;TON;2022
51;15;1508;JANGUNG;5571.22;TON;2022
52;15;1508;KEDELAI;3544.5;TON;2022
53;15;1508;KACANG TANAH;283.18;TON;2022
54;15;1508;KACANG HIJAU;4.9;TON;2022
55;15;1508;UBI KAYU;3998.6;TON;2022
56;15;1508;UBI JALAR;521.67;TON;2022
57;15;1509;PADI;17110.03;TON;2022
58;15;1509;JANGUNG;4026.05;TON;2022
59;15;1509;KEDELAI;272.57;TON;2022
60;15;1509;KACANG TANAH;126.84;TON;2022
61;15;1509;KACANG HIJAU;3;TON;2022
62;15;1509;UBI KAYU;587.97;TON;2022
63;15;1509;UBI JALAR;172.61;TON;2022
64;15;1571;PADI;1298.62;TON;2022
65;15;1571;JANGUNG;383.49;TON;2022
66;15;1571;KEDELAI;0;TON;2022
67;15;1571;KACANG TANAH;33.25;TON;2022
68;15;1571;KACANG HIJAU;0.9;TON;2022
69;15;1571;UBI KAYU;1841.39;TON;2022
70;15;1571;UBI JALAR;301.79;TON;2022
71;15;1572;PADI;35880.87;TON;2022
72;15;1572;JANGUNG;102.76;TON;2022
73;15;1572;KEDELAI;0;TON;2022
74;15;1572;KACANG TANAH;5.14;TON;2022
75;15;1572;KACANG HIJAU;0;TON;2022
76;15;1572;UBI KAYU;1442;TON;2022
77;15;1572;UBI JALAR;800.32;TON;2022
78;15;1501;PADI;81308.73;TON;2023
79;15;1501;JANGUNG;2822.21;TON;2023
80;15;1501;KEDELAI;17.07;TON;2023
81;15;1501;KACANG TANAH;766.74;TON;2023
82;15;1501;KACANG HIJAU;8.5;TON;2023
83;15;1501;UBI KAYU;7522.4;TON;2023
84;15;1501;UBI JALAR;23342.67;TON;2023
85;15;1502;PADI;23725.23;TON;2023
86;15;1502;JANGUNG;2723.8;TON;2023
87;15;1502;KEDELAI;379.81;TON;2023
88;15;1502;KACANG TANAH;241.97;TON;2023
89;15;1502;KACANG HIJAU;44.4;TON;2023
90;15;1502;UBI KAYU;12010.62;TON;2023
91;15;1502;UBI JALAR;7797.35;TON;2023
92;15;1503;PADI;13434.04;TON;2023
93;15;1503;JANGUNG;380.96;TON;2023
94;15;1503;KEDELAI;17.49;TON;2023
95;15;1503;KACANG TANAH;88.46;TON;2023
96;15;1503;KACANG HIJAU;3.5;TON;2023
97;15;1503;UBI KAYU;3720.62;TON;2023
98;15;1503;UBI JALAR;583.8;TON;2023
99;15;1504;PADI;20483.89;TON;2023
100;15;1504;JANGUNG;690.4;TON;2023
101;15;1504;KEDELAI;61.24;TON;2023
102;15;1504;KACANG TANAH;66.7;TON;2023
103;15;1504;KACANG HIJAU;1;TON;2023
104;15;1504;UBI KAYU;3711.23;TON;2023
105;15;1504;UBI JALAR;697.04;TON;2023
106;15;1505;PADI;17978.18;TON;2023
107;15;1505;JANGUNG;1323.86;TON;2023
108;15;1505;KEDELAI;195.06;TON;2023
109;15;1505;KACANG TANAH;38.89;TON;2023
110;15;1505;KACANG HIJAU;0;TON;2023
111;15;1505;UBI KAYU;2444.84;TON;2023
112;15;1505;UBI JALAR;466.61;TON;2023
113;15;1506;PADI;22904.39;TON;2023
114;15;1506;JANGUNG;1751.57;TON;2023
115;15;1506;KEDELAI;326.15;TON;2023
116;15;1506;KACANG TANAH;38.76;TON;2023
117;15;1506;KACANG HIJAU;0;TON;2023
118;15;1506;UBI KAYU;1606.37;TON;2023
119;15;1506;UBI JALAR;572.7;TON;2023
120;15;1507;PADI;24065.32;TON;2023
121;15;1507;JANGUNG;542.38;TON;2023
122;15;1507;KEDELAI;144.9;TON;2023
123;15;1507;KACANG TANAH;25.28;TON;2023
124;15;1507;KACANG HIJAU;0;TON;2023
125;15;1507;UBI KAYU;4355.08;TON;2023
126;15;1507;UBI JALAR;195.52;TON;2023
127;15;1508;PADI;19602.74;TON;2023
128;15;1508;JANGUNG;6111.92;TON;2023
129;15;1508;KEDELAI;2399.95;TON;2023
130;15;1508;KACANG TANAH;82.76;TON;2023
131;15;1508;KACANG HIJAU;1.7;TON;2023
132;15;1508;UBI KAYU;4504.39;TON;2023
133;15;1508;UBI JALAR;641.74;TON;2023
134;15;1509;PADI;22228.19;TON;2023
135;15;1509;JANGUNG;4411.94;TON;2023
136;15;1509;KEDELAI;770.19;TON;2023
137;15;1509;KACANG TANAH;103.28;TON;2023
138;15;1509;KACANG HIJAU;12;TON;2023
139;15;1509;UBI KAYU;3546;TON;2023
140;15;1509;UBI JALAR;744.61;TON;2023
141;15;1571;PADI;1344.63;TON;2023
142;15;1571;JANGUNG;321.26;TON;2023
143;15;1571;KEDELAI;0;TON;2023
144;15;1571;KACANG TANAH;41.64;TON;2023
145;15;1571;KACANG HIJAU;1;TON;2023
146;15;1571;UBI KAYU;2020.57;TON;2023
147;15;1571;UBI JALAR;336.08;TON;2023
148;15;1572;PADI;28866.11;TON;2023
149;15;1572;JANGUNG;205.08;TON;2023
150;15;1572;KEDELAI;0;TON;2023
151;15;1572;KACANG TANAH;6.49;TON;2023
152;15;1572;KACANG HIJAU;0;TON;2023
153;15;1572;UBI KAYU;1577.94;TON;2023
154;15;1572;UBI JALAR;1252.33;TON;2023
