no;kode_provinsi;nama_provinsi;kode_kabupaten_kota;kode_kecamatan;kategori;data;semester;jumlah;satuan;tahun
1;15;JAMBI;1504;150407;KARTU IDENTITAS ANAK;MEMILIKI;1;4365;JIWA;2022
2;15;JAMBI;1504;150404;KARTU IDENTITAS ANAK;MEMILIKI;1;2992;JIWA;2022
3;15;JAMBI;1504;150408;KARTU IDENTITAS ANAK;MEMILIKI;1;1386;JIWA;2022
4;15;JAMBI;1504;150406;KARTU IDENTITAS ANAK;MEMILIKI;1;4662;JIWA;2022
5;15;JAMBI;1504;150401;KARTU IDENTITAS ANAK;MEMILIKI;1;3135;JIWA;2022
6;15;JAMBI;1504;150403;KARTU IDENTITAS ANAK;MEMILIKI;1;10113;JIWA;2022
7;15;JAMBI;1504;150402;KARTU IDENTITAS ANAK;MEMILIKI;1;3649;JIWA;2022
8;15;JAMBI;1504;150405;KARTU IDENTITAS ANAK;MEMILIKI;1;3227;JIWA;2022
9;15;JAMBI;1508;150815;KARTU IDENTITAS ANAK;MEMILIKI;1;949;JIWA;2022
10;15;JAMBI;1508;150811;KARTU IDENTITAS ANAK;MEMILIKI;1;2492;JIWA;2022
11;15;JAMBI;1508;150814;KARTU IDENTITAS ANAK;MEMILIKI;1;965;JIWA;2022
12;15;JAMBI;1508;150810;KARTU IDENTITAS ANAK;MEMILIKI;1;1612;JIWA;2022
13;15;JAMBI;1508;150812;KARTU IDENTITAS ANAK;MEMILIKI;1;2708;JIWA;2022
14;15;JAMBI;1508;150804;KARTU IDENTITAS ANAK;MEMILIKI;1;3266;JIWA;2022
15;15;JAMBI;1508;150816;KARTU IDENTITAS ANAK;MEMILIKI;1;628;JIWA;2022
16;15;JAMBI;1508;150807;KARTU IDENTITAS ANAK;MEMILIKI;1;1345;JIWA;2022
17;15;JAMBI;1508;150808;KARTU IDENTITAS ANAK;MEMILIKI;1;1162;JIWA;2022
18;15;JAMBI;1508;150803;KARTU IDENTITAS ANAK;MEMILIKI;1;1824;JIWA;2022
19;15;JAMBI;1508;150806;KARTU IDENTITAS ANAK;MEMILIKI;1;1936;JIWA;2022
20;15;JAMBI;1508;150809;KARTU IDENTITAS ANAK;MEMILIKI;1;7958;JIWA;2022
21;15;JAMBI;1508;150802;KARTU IDENTITAS ANAK;MEMILIKI;1;739;JIWA;2022
22;15;JAMBI;1508;150813;KARTU IDENTITAS ANAK;MEMILIKI;1;3860;JIWA;2022
23;15;JAMBI;1508;150805;KARTU IDENTITAS ANAK;MEMILIKI;1;945;JIWA;2022
24;15;JAMBI;1508;150817;KARTU IDENTITAS ANAK;MEMILIKI;1;1360;JIWA;2022
25;15;JAMBI;1508;150801;KARTU IDENTITAS ANAK;MEMILIKI;1;977;JIWA;2022
26;15;JAMBI;1501;150105;KARTU IDENTITAS ANAK;MEMILIKI;1;1189;JIWA;2022
27;15;JAMBI;1501;150121;KARTU IDENTITAS ANAK;MEMILIKI;1;1242;JIWA;2022
28;15;JAMBI;1501;150111;KARTU IDENTITAS ANAK;MEMILIKI;1;1818;JIWA;2022
29;15;JAMBI;1501;150107;KARTU IDENTITAS ANAK;MEMILIKI;1;1126;JIWA;2022
30;15;JAMBI;1501;150120;KARTU IDENTITAS ANAK;MEMILIKI;1;1224;JIWA;2022
31;15;JAMBI;1501;150102;KARTU IDENTITAS ANAK;MEMILIKI;1;1224;JIWA;2022
32;15;JAMBI;1501;150123;KARTU IDENTITAS ANAK;MEMILIKI;1;965;JIWA;2022
33;15;JAMBI;1501;150117;KARTU IDENTITAS ANAK;MEMILIKI;1;1695;JIWA;2022
34;15;JAMBI;1501;150106;KARTU IDENTITAS ANAK;MEMILIKI;1;1108;JIWA;2022
35;15;JAMBI;1501;150101;KARTU IDENTITAS ANAK;MEMILIKI;1;789;JIWA;2022
36;15;JAMBI;1501;150115;KARTU IDENTITAS ANAK;MEMILIKI;1;2002;JIWA;2022
37;15;JAMBI;1501;150109;KARTU IDENTITAS ANAK;MEMILIKI;1;1840;JIWA;2022
38;15;JAMBI;1501;150119;KARTU IDENTITAS ANAK;MEMILIKI;1;2590;JIWA;2022
39;15;JAMBI;1501;150108;KARTU IDENTITAS ANAK;MEMILIKI;1;808;JIWA;2022
40;15;JAMBI;1501;150104;KARTU IDENTITAS ANAK;MEMILIKI;1;882;JIWA;2022
41;15;JAMBI;1501;150116;KARTU IDENTITAS ANAK;MEMILIKI;1;2887;JIWA;2022
42;15;JAMBI;1501;150118;KARTU IDENTITAS ANAK;MEMILIKI;1;1743;JIWA;2022
43;15;JAMBI;1501;150122;KARTU IDENTITAS ANAK;MEMILIKI;1;668;JIWA;2022
44;15;JAMBI;1571;157109;KARTU IDENTITAS ANAK;MEMILIKI;1;14131;JIWA;2022
45;15;JAMBI;1571;157110;KARTU IDENTITAS ANAK;MEMILIKI;1;5678;JIWA;2022
46;15;JAMBI;1571;157106;KARTU IDENTITAS ANAK;MEMILIKI;1;1282;JIWA;2022
47;15;JAMBI;1571;157102;KARTU IDENTITAS ANAK;MEMILIKI;1;6666;JIWA;2022
48;15;JAMBI;1571;157103;KARTU IDENTITAS ANAK;MEMILIKI;1;8578;JIWA;2022
49;15;JAMBI;1571;157108;KARTU IDENTITAS ANAK;MEMILIKI;1;7112;JIWA;2022
50;15;JAMBI;1571;157107;KARTU IDENTITAS ANAK;MEMILIKI;1;11740;JIWA;2022
51;15;JAMBI;1571;157111;KARTU IDENTITAS ANAK;MEMILIKI;1;13006;JIWA;2022
52;15;JAMBI;1571;157104;KARTU IDENTITAS ANAK;MEMILIKI;1;1342;JIWA;2022
53;15;JAMBI;1571;157105;KARTU IDENTITAS ANAK;MEMILIKI;1;1564;JIWA;2022
54;15;JAMBI;1571;157101;KARTU IDENTITAS ANAK;MEMILIKI;1;6367;JIWA;2022
55;15;JAMBI;1572;157203;KARTU IDENTITAS ANAK;MEMILIKI;1;979;JIWA;2022
56;15;JAMBI;1572;157207;KARTU IDENTITAS ANAK;MEMILIKI;1;545;JIWA;2022
57;15;JAMBI;1572;157205;KARTU IDENTITAS ANAK;MEMILIKI;1;753;JIWA;2022
58;15;JAMBI;1572;157202;KARTU IDENTITAS ANAK;MEMILIKI;1;1025;JIWA;2022
59;15;JAMBI;1572;157206;KARTU IDENTITAS ANAK;MEMILIKI;1;1525;JIWA;2022
60;15;JAMBI;1572;157208;KARTU IDENTITAS ANAK;MEMILIKI;1;922;JIWA;2022
61;15;JAMBI;1572;157201;KARTU IDENTITAS ANAK;MEMILIKI;1;783;JIWA;2022
62;15;JAMBI;1572;157204;KARTU IDENTITAS ANAK;MEMILIKI;1;568;JIWA;2022
63;15;JAMBI;1502;150202;KARTU IDENTITAS ANAK;MEMILIKI;1;6600;JIWA;2022
64;15;JAMBI;1502;150210;KARTU IDENTITAS ANAK;MEMILIKI;1;993;JIWA;2022
65;15;JAMBI;1502;150212;KARTU IDENTITAS ANAK;MEMILIKI;1;1214;JIWA;2022
66;15;JAMBI;1502;150201;KARTU IDENTITAS ANAK;MEMILIKI;1;821;JIWA;2022
67;15;JAMBI;1502;150218;KARTU IDENTITAS ANAK;MEMILIKI;1;678;JIWA;2022
68;15;JAMBI;1502;150209;KARTU IDENTITAS ANAK;MEMILIKI;1;1117;JIWA;2022
69;15;JAMBI;1502;150221;KARTU IDENTITAS ANAK;MEMILIKI;1;1397;JIWA;2022
70;15;JAMBI;1502;150203;KARTU IDENTITAS ANAK;MEMILIKI;1;1101;JIWA;2022
71;15;JAMBI;1502;150211;KARTU IDENTITAS ANAK;MEMILIKI;1;1963;JIWA;2022
72;15;JAMBI;1502;150206;KARTU IDENTITAS ANAK;MEMILIKI;1;3998;JIWA;2022
73;15;JAMBI;1502;150213;KARTU IDENTITAS ANAK;MEMILIKI;1;1760;JIWA;2022
74;15;JAMBI;1502;150220;KARTU IDENTITAS ANAK;MEMILIKI;1;1169;JIWA;2022
75;15;JAMBI;1502;150217;KARTU IDENTITAS ANAK;MEMILIKI;1;531;JIWA;2022
76;15;JAMBI;1502;150219;KARTU IDENTITAS ANAK;MEMILIKI;1;1299;JIWA;2022
77;15;JAMBI;1502;150216;KARTU IDENTITAS ANAK;MEMILIKI;1;1084;JIWA;2022
78;15;JAMBI;1502;150204;KARTU IDENTITAS ANAK;MEMILIKI;1;768;JIWA;2022
79;15;JAMBI;1502;150205;KARTU IDENTITAS ANAK;MEMILIKI;1;3047;JIWA;2022
80;15;JAMBI;1502;150223;KARTU IDENTITAS ANAK;MEMILIKI;1;780;JIWA;2022
81;15;JAMBI;1502;150214;KARTU IDENTITAS ANAK;MEMILIKI;1;767;JIWA;2022
82;15;JAMBI;1502;150222;KARTU IDENTITAS ANAK;MEMILIKI;1;861;JIWA;2022
83;15;JAMBI;1502;150208;KARTU IDENTITAS ANAK;MEMILIKI;1;4547;JIWA;2022
84;15;JAMBI;1502;150215;KARTU IDENTITAS ANAK;MEMILIKI;1;607;JIWA;2022
85;15;JAMBI;1502;150207;KARTU IDENTITAS ANAK;MEMILIKI;1;623;JIWA;2022
86;15;JAMBI;1502;150224;KARTU IDENTITAS ANAK;MEMILIKI;1;332;JIWA;2022
87;15;JAMBI;1505;150510;KARTU IDENTITAS ANAK;MEMILIKI;1;2397;JIWA;2022
88;15;JAMBI;1505;150509;KARTU IDENTITAS ANAK;MEMILIKI;1;1435;JIWA;2022
89;15;JAMBI;1505;150501;KARTU IDENTITAS ANAK;MEMILIKI;1;2633;JIWA;2022
90;15;JAMBI;1505;150503;KARTU IDENTITAS ANAK;MEMILIKI;1;1035;JIWA;2022
91;15;JAMBI;1505;150506;KARTU IDENTITAS ANAK;MEMILIKI;1;4898;JIWA;2022
92;15;JAMBI;1505;150504;KARTU IDENTITAS ANAK;MEMILIKI;1;1631;JIWA;2022
93;15;JAMBI;1505;150505;KARTU IDENTITAS ANAK;MEMILIKI;1;1384;JIWA;2022
94;15;JAMBI;1505;150502;KARTU IDENTITAS ANAK;MEMILIKI;1;3751;JIWA;2022
95;15;JAMBI;1505;150507;KARTU IDENTITAS ANAK;MEMILIKI;1;3397;JIWA;2022
96;15;JAMBI;1505;150508;KARTU IDENTITAS ANAK;MEMILIKI;1;6946;JIWA;2022
97;15;JAMBI;1505;150511;KARTU IDENTITAS ANAK;MEMILIKI;1;1513;JIWA;2022
98;15;JAMBI;1503;150307;KARTU IDENTITAS ANAK;MEMILIKI;1;1466;JIWA;2022
99;15;JAMBI;1503;150301;KARTU IDENTITAS ANAK;MEMILIKI;1;1230;JIWA;2022
100;15;JAMBI;1503;150308;KARTU IDENTITAS ANAK;MEMILIKI;1;1291;JIWA;2022
101;15;JAMBI;1503;150310;KARTU IDENTITAS ANAK;MEMILIKI;1;875;JIWA;2022
102;15;JAMBI;1503;150302;KARTU IDENTITAS ANAK;MEMILIKI;1;1333;JIWA;2022
103;15;JAMBI;1503;150306;KARTU IDENTITAS ANAK;MEMILIKI;1;1567;JIWA;2022
104;15;JAMBI;1503;15030;KARTU IDENTITAS ANAK;MEMILIKI;1;748;JIWA;2022
105;15;JAMBI;1503;150304;KARTU IDENTITAS ANAK;MEMILIKI;1;1526;JIWA;2022
106;15;JAMBI;1503;150305;KARTU IDENTITAS ANAK;MEMILIKI;1;2186;JIWA;2022
107;15;JAMBI;1503;150303;KARTU IDENTITAS ANAK;MEMILIKI;1;8527;JIWA;2022
108;15;JAMBI;1503;150309;KARTU IDENTITAS ANAK;MEMILIKI;1;2316;JIWA;2022
109;15;JAMBI;1506;150607;KARTU IDENTITAS ANAK;MEMILIKI;1;2324;JIWA;2022
110;15;JAMBI;1506;150604;KARTU IDENTITAS ANAK;MEMILIKI;1;2176;JIWA;2022
111;15;JAMBI;1506;150611;KARTU IDENTITAS ANAK;MEMILIKI;1;1247;JIWA;2022
112;15;JAMBI;1506;150612;KARTU IDENTITAS ANAK;MEMILIKI;1;867;JIWA;2022
113;15;JAMBI;1506;150605;KARTU IDENTITAS ANAK;MEMILIKI;1;1015;JIWA;2022
114;15;JAMBI;1506;150609;KARTU IDENTITAS ANAK;MEMILIKI;1;722;JIWA;2022
115;15;JAMBI;1506;150603;KARTU IDENTITAS ANAK;MEMILIKI;1;1771;JIWA;2022
116;15;JAMBI;1506;150608;KARTU IDENTITAS ANAK;MEMILIKI;1;1174;JIWA;2022
117;15;JAMBI;1506;150610;KARTU IDENTITAS ANAK;MEMILIKI;1;463;JIWA;2022
118;15;JAMBI;1506;150613;KARTU IDENTITAS ANAK;MEMILIKI;1;2142;JIWA;2022
119;15;JAMBI;1506;150606;KARTU IDENTITAS ANAK;MEMILIKI;1;2498;JIWA;2022
120;15;JAMBI;1506;150602;KARTU IDENTITAS ANAK;MEMILIKI;1;7916;JIWA;2022
121;15;JAMBI;1506;150601;KARTU IDENTITAS ANAK;MEMILIKI;1;1281;JIWA;2022
122;15;JAMBI;1507;150711;KARTU IDENTITAS ANAK;MEMILIKI;1;885;JIWA;2022
123;15;JAMBI;1507;150706;KARTU IDENTITAS ANAK;MEMILIKI;1;1730;JIWA;2022
124;15;JAMBI;1507;150710;KARTU IDENTITAS ANAK;MEMILIKI;1;1871;JIWA;2022
125;15;JAMBI;1507;150708;KARTU IDENTITAS ANAK;MEMILIKI;1;860;JIWA;2022
126;15;JAMBI;1507;150703;KARTU IDENTITAS ANAK;MEMILIKI;1;2850;JIWA;2022
127;15;JAMBI;1507;150709;KARTU IDENTITAS ANAK;MEMILIKI;1;533;JIWA;2022
128;15;JAMBI;1507;150707;KARTU IDENTITAS ANAK;MEMILIKI;1;1557;JIWA;2022
129;15;JAMBI;1507;150701;KARTU IDENTITAS ANAK;MEMILIKI;1;2585;JIWA;2022
130;15;JAMBI;1507;150702;KARTU IDENTITAS ANAK;MEMILIKI;1;1218;JIWA;2022
131;15;JAMBI;1507;150704;KARTU IDENTITAS ANAK;MEMILIKI;1;506;JIWA;2022
132;15;JAMBI;1507;150705;KARTU IDENTITAS ANAK;MEMILIKI;1;1032;JIWA;2022
133;15;JAMBI;1509;150912;KARTU IDENTITAS ANAK;MEMILIKI;1;1189;JIWA;2022
134;15;JAMBI;1509;150904;KARTU IDENTITAS ANAK;MEMILIKI;1;6406;JIWA;2022
135;15;JAMBI;1509;150908;KARTU IDENTITAS ANAK;MEMILIKI;1;2756;JIWA;2022
136;15;JAMBI;1509;150907;KARTU IDENTITAS ANAK;MEMILIKI;1;3464;JIWA;2022
137;15;JAMBI;1509;150910;KARTU IDENTITAS ANAK;MEMILIKI;1;956;JIWA;2022
138;15;JAMBI;1509;150905;KARTU IDENTITAS ANAK;MEMILIKI;1;1417;JIWA;2022
139;15;JAMBI;1509;150902;KARTU IDENTITAS ANAK;MEMILIKI;1;2122;JIWA;2022
140;15;JAMBI;1509;150901;KARTU IDENTITAS ANAK;MEMILIKI;1;4080;JIWA;2022
141;15;JAMBI;1509;150903;KARTU IDENTITAS ANAK;MEMILIKI;1;2345;JIWA;2022
142;15;JAMBI;1509;150909;KARTU IDENTITAS ANAK;MEMILIKI;1;2530;JIWA;2022
143;15;JAMBI;1509;150906;KARTU IDENTITAS ANAK;MEMILIKI;1;1791;JIWA;2022
144;15;JAMBI;1509;150911;KARTU IDENTITAS ANAK;MEMILIKI;1;1939;JIWA;2022
145;15;JAMBI;1504;150407;KARTU IDENTITAS ANAK;BELUM MEMILIKI;1;7633;JIWA;2022
146;15;JAMBI;1504;150404;KARTU IDENTITAS ANAK;BELUM MEMILIKI;1;6480;JIWA;2022
147;15;JAMBI;1504;150408;KARTU IDENTITAS ANAK;BELUM MEMILIKI;1;2970;JIWA;2022
148;15;JAMBI;1504;150406;KARTU IDENTITAS ANAK;BELUM MEMILIKI;1;7019;JIWA;2022
149;15;JAMBI;1504;150401;KARTU IDENTITAS ANAK;BELUM MEMILIKI;1;6642;JIWA;2022
150;15;JAMBI;1504;150403;KARTU IDENTITAS ANAK;BELUM MEMILIKI;1;10176;JIWA;2022
151;15;JAMBI;1504;150402;KARTU IDENTITAS ANAK;BELUM MEMILIKI;1;7091;JIWA;2022
152;15;JAMBI;1504;150405;KARTU IDENTITAS ANAK;BELUM MEMILIKI;1;7751;JIWA;2022
153;15;JAMBI;1508;150815;KARTU IDENTITAS ANAK;BELUM MEMILIKI;1;1899;JIWA;2022
154;15;JAMBI;1508;150811;KARTU IDENTITAS ANAK;BELUM MEMILIKI;1;6125;JIWA;2022
155;15;JAMBI;1508;150814;KARTU IDENTITAS ANAK;BELUM MEMILIKI;1;2094;JIWA;2022
156;15;JAMBI;1508;150810;KARTU IDENTITAS ANAK;BELUM MEMILIKI;1;3166;JIWA;2022
157;15;JAMBI;1508;150812;KARTU IDENTITAS ANAK;BELUM MEMILIKI;1;5932;JIWA;2022
158;15;JAMBI;1508;150804;KARTU IDENTITAS ANAK;BELUM MEMILIKI;1;2908;JIWA;2022
159;15;JAMBI;1508;150816;KARTU IDENTITAS ANAK;BELUM MEMILIKI;1;1977;JIWA;2022
160;15;JAMBI;1508;150807;KARTU IDENTITAS ANAK;BELUM MEMILIKI;1;3913;JIWA;2022
161;15;JAMBI;1508;150808;KARTU IDENTITAS ANAK;BELUM MEMILIKI;1;3855;JIWA;2022
162;15;JAMBI;1508;150803;KARTU IDENTITAS ANAK;BELUM MEMILIKI;1;4844;JIWA;2022
163;15;JAMBI;1508;150806;KARTU IDENTITAS ANAK;BELUM MEMILIKI;1;9741;JIWA;2022
164;15;JAMBI;1508;150809;KARTU IDENTITAS ANAK;BELUM MEMILIKI;1;7716;JIWA;2022
165;15;JAMBI;1508;150802;KARTU IDENTITAS ANAK;BELUM MEMILIKI;1;2592;JIWA;2022
166;15;JAMBI;1508;150813;KARTU IDENTITAS ANAK;BELUM MEMILIKI;1;7117;JIWA;2022
167;15;JAMBI;1508;150805;KARTU IDENTITAS ANAK;BELUM MEMILIKI;1;6355;JIWA;2022
168;15;JAMBI;1508;150817;KARTU IDENTITAS ANAK;BELUM MEMILIKI;1;6106;JIWA;2022
169;15;JAMBI;1508;150801;KARTU IDENTITAS ANAK;BELUM MEMILIKI;1;3292;JIWA;2022
170;15;JAMBI;1501;150105;KARTU IDENTITAS ANAK;BELUM MEMILIKI;1;1391;JIWA;2022
171;15;JAMBI;1501;150121;KARTU IDENTITAS ANAK;BELUM MEMILIKI;1;1145;JIWA;2022
172;15;JAMBI;1501;150111;KARTU IDENTITAS ANAK;BELUM MEMILIKI;1;2791;JIWA;2022
173;15;JAMBI;1501;150107;KARTU IDENTITAS ANAK;BELUM MEMILIKI;1;2340;JIWA;2022
174;15;JAMBI;1501;150120;KARTU IDENTITAS ANAK;BELUM MEMILIKI;1;2359;JIWA;2022
175;15;JAMBI;1501;150102;KARTU IDENTITAS ANAK;BELUM MEMILIKI;1;2432;JIWA;2022
176;15;JAMBI;1501;150123;KARTU IDENTITAS ANAK;BELUM MEMILIKI;1;1781;JIWA;2022
177;15;JAMBI;1501;150117;KARTU IDENTITAS ANAK;BELUM MEMILIKI;1;2359;JIWA;2022
178;15;JAMBI;1501;150106;KARTU IDENTITAS ANAK;BELUM MEMILIKI;1;2621;JIWA;2022
179;15;JAMBI;1501;150101;KARTU IDENTITAS ANAK;BELUM MEMILIKI;1;1426;JIWA;2022
180;15;JAMBI;1501;150115;KARTU IDENTITAS ANAK;BELUM MEMILIKI;1;2823;JIWA;2022
181;15;JAMBI;1501;150109;KARTU IDENTITAS ANAK;BELUM MEMILIKI;1;4422;JIWA;2022
182;15;JAMBI;1501;150119;KARTU IDENTITAS ANAK;BELUM MEMILIKI;1;3455;JIWA;2022
183;15;JAMBI;1501;150108;KARTU IDENTITAS ANAK;BELUM MEMILIKI;1;2251;JIWA;2022
184;15;JAMBI;1501;150104;KARTU IDENTITAS ANAK;BELUM MEMILIKI;1;1563;JIWA;2022
185;15;JAMBI;1501;150116;KARTU IDENTITAS ANAK;BELUM MEMILIKI;1;3271;JIWA;2022
186;15;JAMBI;1501;150118;KARTU IDENTITAS ANAK;BELUM MEMILIKI;1;1260;JIWA;2022
187;15;JAMBI;1501;150122;KARTU IDENTITAS ANAK;BELUM MEMILIKI;1;1459;JIWA;2022
188;15;JAMBI;1571;157109;KARTU IDENTITAS ANAK;BELUM MEMILIKI;1;19607;JIWA;2022
189;15;JAMBI;1571;157110;KARTU IDENTITAS ANAK;BELUM MEMILIKI;1;6666;JIWA;2022
190;15;JAMBI;1571;157106;KARTU IDENTITAS ANAK;BELUM MEMILIKI;1;2552;JIWA;2022
191;15;JAMBI;1571;157102;KARTU IDENTITAS ANAK;BELUM MEMILIKI;1;9651;JIWA;2022
192;15;JAMBI;1571;157103;KARTU IDENTITAS ANAK;BELUM MEMILIKI;1;9751;JIWA;2022
193;15;JAMBI;1571;157108;KARTU IDENTITAS ANAK;BELUM MEMILIKI;1;9518;JIWA;2022
194;15;JAMBI;1571;157107;KARTU IDENTITAS ANAK;BELUM MEMILIKI;1;13780;JIWA;2022
195;15;JAMBI;1571;157111;KARTU IDENTITAS ANAK;BELUM MEMILIKI;1;19573;JIWA;2022
196;15;JAMBI;1571;157104;KARTU IDENTITAS ANAK;BELUM MEMILIKI;1;1672;JIWA;2022
197;15;JAMBI;1571;157105;KARTU IDENTITAS ANAK;BELUM MEMILIKI;1;2485;JIWA;2022
198;15;JAMBI;1571;157101;KARTU IDENTITAS ANAK;BELUM MEMILIKI;1;8092;JIWA;2022
199;15;JAMBI;1572;157203;KARTU IDENTITAS ANAK;BELUM MEMILIKI;1;2769;JIWA;2022
200;15;JAMBI;1572;157207;KARTU IDENTITAS ANAK;BELUM MEMILIKI;1;2089;JIWA;2022
201;15;JAMBI;1572;157205;KARTU IDENTITAS ANAK;BELUM MEMILIKI;1;1806;JIWA;2022
202;15;JAMBI;1572;157202;KARTU IDENTITAS ANAK;BELUM MEMILIKI;1;2268;JIWA;2022
203;15;JAMBI;1572;157206;KARTU IDENTITAS ANAK;BELUM MEMILIKI;1;3498;JIWA;2022
204;15;JAMBI;1572;157208;KARTU IDENTITAS ANAK;BELUM MEMILIKI;1;2062;JIWA;2022
205;15;JAMBI;1572;157201;KARTU IDENTITAS ANAK;BELUM MEMILIKI;1;2016;JIWA;2022
206;15;JAMBI;1572;157204;KARTU IDENTITAS ANAK;BELUM MEMILIKI;1;1863;JIWA;2022
207;15;JAMBI;1502;150202;KARTU IDENTITAS ANAK;BELUM MEMILIKI;1;9315;JIWA;2022
208;15;JAMBI;1502;150210;KARTU IDENTITAS ANAK;BELUM MEMILIKI;1;2372;JIWA;2022
209;15;JAMBI;1502;150212;KARTU IDENTITAS ANAK;BELUM MEMILIKI;1;2483;JIWA;2022
210;15;JAMBI;1502;150201;KARTU IDENTITAS ANAK;BELUM MEMILIKI;1;2602;JIWA;2022
211;15;JAMBI;1502;150218;KARTU IDENTITAS ANAK;BELUM MEMILIKI;1;2679;JIWA;2022
212;15;JAMBI;1502;150209;KARTU IDENTITAS ANAK;BELUM MEMILIKI;1;3938;JIWA;2022
213;15;JAMBI;1502;150221;KARTU IDENTITAS ANAK;BELUM MEMILIKI;1;2493;JIWA;2022
214;15;JAMBI;1502;150203;KARTU IDENTITAS ANAK;BELUM MEMILIKI;1;2118;JIWA;2022
215;15;JAMBI;1502;150211;KARTU IDENTITAS ANAK;BELUM MEMILIKI;1;4470;JIWA;2022
216;15;JAMBI;1502;150206;KARTU IDENTITAS ANAK;BELUM MEMILIKI;1;6729;JIWA;2022
217;15;JAMBI;1502;150213;KARTU IDENTITAS ANAK;BELUM MEMILIKI;1;3543;JIWA;2022
218;15;JAMBI;1502;150220;KARTU IDENTITAS ANAK;BELUM MEMILIKI;1;2218;JIWA;2022
219;15;JAMBI;1502;150217;KARTU IDENTITAS ANAK;BELUM MEMILIKI;1;1532;JIWA;2022
220;15;JAMBI;1502;150219;KARTU IDENTITAS ANAK;BELUM MEMILIKI;1;2918;JIWA;2022
221;15;JAMBI;1502;150216;KARTU IDENTITAS ANAK;BELUM MEMILIKI;1;3326;JIWA;2022
222;15;JAMBI;1502;150204;KARTU IDENTITAS ANAK;BELUM MEMILIKI;1;2847;JIWA;2022
223;15;JAMBI;1502;150205;KARTU IDENTITAS ANAK;BELUM MEMILIKI;1;7189;JIWA;2022
224;15;JAMBI;1502;150223;KARTU IDENTITAS ANAK;BELUM MEMILIKI;1;2203;JIWA;2022
225;15;JAMBI;1502;150214;KARTU IDENTITAS ANAK;BELUM MEMILIKI;1;2202;JIWA;2022
226;15;JAMBI;1502;150222;KARTU IDENTITAS ANAK;BELUM MEMILIKI;1;1632;JIWA;2022
227;15;JAMBI;1502;150208;KARTU IDENTITAS ANAK;BELUM MEMILIKI;1;4514;JIWA;2022
228;15;JAMBI;1502;150215;KARTU IDENTITAS ANAK;BELUM MEMILIKI;1;1759;JIWA;2022
229;15;JAMBI;1502;150207;KARTU IDENTITAS ANAK;BELUM MEMILIKI;1;1879;JIWA;2022
230;15;JAMBI;1502;150224;KARTU IDENTITAS ANAK;BELUM MEMILIKI;1;977;JIWA;2022
231;15;JAMBI;1505;150510;KARTU IDENTITAS ANAK;BELUM MEMILIKI;1;3031;JIWA;2022
232;15;JAMBI;1505;150509;KARTU IDENTITAS ANAK;BELUM MEMILIKI;1;2651;JIWA;2022
233;15;JAMBI;1505;150501;KARTU IDENTITAS ANAK;BELUM MEMILIKI;1;18619;JIWA;2022
234;15;JAMBI;1505;150503;KARTU IDENTITAS ANAK;BELUM MEMILIKI;1;6689;JIWA;2022
235;15;JAMBI;1505;150506;KARTU IDENTITAS ANAK;BELUM MEMILIKI;1;14304;JIWA;2022
236;15;JAMBI;1505;150504;KARTU IDENTITAS ANAK;BELUM MEMILIKI;1;5140;JIWA;2022
237;15;JAMBI;1505;150505;KARTU IDENTITAS ANAK;BELUM MEMILIKI;1;10818;JIWA;2022
238;15;JAMBI;1505;150502;KARTU IDENTITAS ANAK;BELUM MEMILIKI;1;11610;JIWA;2022
239;15;JAMBI;1505;150507;KARTU IDENTITAS ANAK;BELUM MEMILIKI;1;5640;JIWA;2022
240;15;JAMBI;1505;150508;KARTU IDENTITAS ANAK;BELUM MEMILIKI;1;15010;JIWA;2022
241;15;JAMBI;1505;150511;KARTU IDENTITAS ANAK;BELUM MEMILIKI;1;2785;JIWA;2022
242;15;JAMBI;1503;150307;KARTU IDENTITAS ANAK;BELUM MEMILIKI;1;6231;JIWA;2022
243;15;JAMBI;1503;150301;KARTU IDENTITAS ANAK;BELUM MEMILIKI;1;4827;JIWA;2022
244;15;JAMBI;1503;150308;KARTU IDENTITAS ANAK;BELUM MEMILIKI;1;4929;JIWA;2022
245;15;JAMBI;1503;150310;KARTU IDENTITAS ANAK;BELUM MEMILIKI;1;3830;JIWA;2022
246;15;JAMBI;1503;150302;KARTU IDENTITAS ANAK;BELUM MEMILIKI;1;4695;JIWA;2022
247;15;JAMBI;1503;150306;KARTU IDENTITAS ANAK;BELUM MEMILIKI;1;6343;JIWA;2022
248;15;JAMBI;1503;15030;KARTU IDENTITAS ANAK;BELUM MEMILIKI;1;3009;JIWA;2022
249;15;JAMBI;1503;150304;KARTU IDENTITAS ANAK;BELUM MEMILIKI;1;6605;JIWA;2022
250;15;JAMBI;1503;150305;KARTU IDENTITAS ANAK;BELUM MEMILIKI;1;8927;JIWA;2022
251;15;JAMBI;1503;150303;KARTU IDENTITAS ANAK;BELUM MEMILIKI;1;10353;JIWA;2022
252;15;JAMBI;1503;150309;KARTU IDENTITAS ANAK;BELUM MEMILIKI;1;10210;JIWA;2022
253;15;JAMBI;1506;150607;KARTU IDENTITAS ANAK;BELUM MEMILIKI;1;9420;JIWA;2022
254;15;JAMBI;1506;150604;KARTU IDENTITAS ANAK;BELUM MEMILIKI;1;7417;JIWA;2022
255;15;JAMBI;1506;150611;KARTU IDENTITAS ANAK;BELUM MEMILIKI;1;4305;JIWA;2022
256;15;JAMBI;1506;150612;KARTU IDENTITAS ANAK;BELUM MEMILIKI;1;3028;JIWA;2022
257;15;JAMBI;1506;150605;KARTU IDENTITAS ANAK;BELUM MEMILIKI;1;3898;JIWA;2022
258;15;JAMBI;1506;150609;KARTU IDENTITAS ANAK;BELUM MEMILIKI;1;2456;JIWA;2022
259;15;JAMBI;1506;150603;KARTU IDENTITAS ANAK;BELUM MEMILIKI;1;5229;JIWA;2022
260;15;JAMBI;1506;150608;KARTU IDENTITAS ANAK;BELUM MEMILIKI;1;3841;JIWA;2022
261;15;JAMBI;1506;150610;KARTU IDENTITAS ANAK;BELUM MEMILIKI;1;1882;JIWA;2022
262;15;JAMBI;1506;150613;KARTU IDENTITAS ANAK;BELUM MEMILIKI;1;4580;JIWA;2022
263;15;JAMBI;1506;150606;KARTU IDENTITAS ANAK;BELUM MEMILIKI;1;9095;JIWA;2022
264;15;JAMBI;1506;150602;KARTU IDENTITAS ANAK;BELUM MEMILIKI;1;13594;JIWA;2022
265;15;JAMBI;1506;150601;KARTU IDENTITAS ANAK;BELUM MEMILIKI;1;3303;JIWA;2022
266;15;JAMBI;1507;150711;KARTU IDENTITAS ANAK;BELUM MEMILIKI;1;2228;JIWA;2022
267;15;JAMBI;1507;150706;KARTU IDENTITAS ANAK;BELUM MEMILIKI;1;2785;JIWA;2022
268;15;JAMBI;1507;150710;KARTU IDENTITAS ANAK;BELUM MEMILIKI;1;5702;JIWA;2022
269;15;JAMBI;1507;150708;KARTU IDENTITAS ANAK;BELUM MEMILIKI;1;2963;JIWA;2022
270;15;JAMBI;1507;150703;KARTU IDENTITAS ANAK;BELUM MEMILIKI;1;4197;JIWA;2022
271;15;JAMBI;1507;150709;KARTU IDENTITAS ANAK;BELUM MEMILIKI;1;4638;JIWA;2022
272;15;JAMBI;1507;150707;KARTU IDENTITAS ANAK;BELUM MEMILIKI;1;5637;JIWA;2022
273;15;JAMBI;1507;150701;KARTU IDENTITAS ANAK;BELUM MEMILIKI;1;6127;JIWA;2022
274;15;JAMBI;1507;150702;KARTU IDENTITAS ANAK;BELUM MEMILIKI;1;6040;JIWA;2022
275;15;JAMBI;1507;150704;KARTU IDENTITAS ANAK;BELUM MEMILIKI;1;6345;JIWA;2022
276;15;JAMBI;1507;150705;KARTU IDENTITAS ANAK;BELUM MEMILIKI;1;2692;JIWA;2022
277;15;JAMBI;1509;150912;KARTU IDENTITAS ANAK;BELUM MEMILIKI;1;4216;JIWA;2022
278;15;JAMBI;1509;150904;KARTU IDENTITAS ANAK;BELUM MEMILIKI;1;12160;JIWA;2022
279;15;JAMBI;1509;150908;KARTU IDENTITAS ANAK;BELUM MEMILIKI;1;3312;JIWA;2022
280;15;JAMBI;1509;150907;KARTU IDENTITAS ANAK;BELUM MEMILIKI;1;7285;JIWA;2022
281;15;JAMBI;1509;150910;KARTU IDENTITAS ANAK;BELUM MEMILIKI;1;2194;JIWA;2022
282;15;JAMBI;1509;150905;KARTU IDENTITAS ANAK;BELUM MEMILIKI;1;5977;JIWA;2022
283;15;JAMBI;1509;150902;KARTU IDENTITAS ANAK;BELUM MEMILIKI;1;6522;JIWA;2022
284;15;JAMBI;1509;150901;KARTU IDENTITAS ANAK;BELUM MEMILIKI;1;8985;JIWA;2022
285;15;JAMBI;1509;150903;KARTU IDENTITAS ANAK;BELUM MEMILIKI;1;7052;JIWA;2022
286;15;JAMBI;1509;150909;KARTU IDENTITAS ANAK;BELUM MEMILIKI;1;6379;JIWA;2022
287;15;JAMBI;1509;150906;KARTU IDENTITAS ANAK;BELUM MEMILIKI;1;4037;JIWA;2022
288;15;JAMBI;1509;150911;KARTU IDENTITAS ANAK;BELUM MEMILIKI;1;4019;JIWA;2022
289;15;JAMBI;1504;150407;KARTU IDENTITAS ANAK;UMUR 0-17;1;11998;JIWA;2022
290;15;JAMBI;1504;150404;KARTU IDENTITAS ANAK;UMUR 0-17;1;9472;JIWA;2022
291;15;JAMBI;1504;150408;KARTU IDENTITAS ANAK;UMUR 0-17;1;4356;JIWA;2022
292;15;JAMBI;1504;150406;KARTU IDENTITAS ANAK;UMUR 0-17;1;11681;JIWA;2022
293;15;JAMBI;1504;150401;KARTU IDENTITAS ANAK;UMUR 0-17;1;9777;JIWA;2022
294;15;JAMBI;1504;150403;KARTU IDENTITAS ANAK;UMUR 0-17;1;20289;JIWA;2022
295;15;JAMBI;1504;150402;KARTU IDENTITAS ANAK;UMUR 0-17;1;10740;JIWA;2022
296;15;JAMBI;1504;150405;KARTU IDENTITAS ANAK;UMUR 0-17;1;10978;JIWA;2022
297;15;JAMBI;1508;150815;KARTU IDENTITAS ANAK;UMUR 0-17;1;2848;JIWA;2022
298;15;JAMBI;1508;150811;KARTU IDENTITAS ANAK;UMUR 0-17;1;8617;JIWA;2022
299;15;JAMBI;1508;150814;KARTU IDENTITAS ANAK;UMUR 0-17;1;3059;JIWA;2022
300;15;JAMBI;1508;150810;KARTU IDENTITAS ANAK;UMUR 0-17;1;4778;JIWA;2022
301;15;JAMBI;1508;150812;KARTU IDENTITAS ANAK;UMUR 0-17;1;8640;JIWA;2022
302;15;JAMBI;1508;150804;KARTU IDENTITAS ANAK;UMUR 0-17;1;6174;JIWA;2022
303;15;JAMBI;1508;150816;KARTU IDENTITAS ANAK;UMUR 0-17;1;2605;JIWA;2022
304;15;JAMBI;1508;150807;KARTU IDENTITAS ANAK;UMUR 0-17;1;5258;JIWA;2022
305;15;JAMBI;1508;150808;KARTU IDENTITAS ANAK;UMUR 0-17;1;5017;JIWA;2022
306;15;JAMBI;1508;150803;KARTU IDENTITAS ANAK;UMUR 0-17;1;6668;JIWA;2022
307;15;JAMBI;1508;150806;KARTU IDENTITAS ANAK;UMUR 0-17;1;11677;JIWA;2022
308;15;JAMBI;1508;150809;KARTU IDENTITAS ANAK;UMUR 0-17;1;15674;JIWA;2022
309;15;JAMBI;1508;150802;KARTU IDENTITAS ANAK;UMUR 0-17;1;3331;JIWA;2022
310;15;JAMBI;1508;150813;KARTU IDENTITAS ANAK;UMUR 0-17;1;10977;JIWA;2022
311;15;JAMBI;1508;150805;KARTU IDENTITAS ANAK;UMUR 0-17;1;7300;JIWA;2022
312;15;JAMBI;1508;150817;KARTU IDENTITAS ANAK;UMUR 0-17;1;7466;JIWA;2022
313;15;JAMBI;1508;150801;KARTU IDENTITAS ANAK;UMUR 0-17;1;4269;JIWA;2022
314;15;JAMBI;1501;150105;KARTU IDENTITAS ANAK;UMUR 0-17;1;2580;JIWA;2022
315;15;JAMBI;1501;150121;KARTU IDENTITAS ANAK;UMUR 0-17;1;2387;JIWA;2022
316;15;JAMBI;1501;150111;KARTU IDENTITAS ANAK;UMUR 0-17;1;4609;JIWA;2022
317;15;JAMBI;1501;150107;KARTU IDENTITAS ANAK;UMUR 0-17;1;3466;JIWA;2022
318;15;JAMBI;1501;150120;KARTU IDENTITAS ANAK;UMUR 0-17;1;3583;JIWA;2022
319;15;JAMBI;1501;150102;KARTU IDENTITAS ANAK;UMUR 0-17;1;3656;JIWA;2022
320;15;JAMBI;1501;150123;KARTU IDENTITAS ANAK;UMUR 0-17;1;2746;JIWA;2022
321;15;JAMBI;1501;150117;KARTU IDENTITAS ANAK;UMUR 0-17;1;4054;JIWA;2022
322;15;JAMBI;1501;150106;KARTU IDENTITAS ANAK;UMUR 0-17;1;3729;JIWA;2022
323;15;JAMBI;1501;150101;KARTU IDENTITAS ANAK;UMUR 0-17;1;2215;JIWA;2022
324;15;JAMBI;1501;150115;KARTU IDENTITAS ANAK;UMUR 0-17;1;4825;JIWA;2022
325;15;JAMBI;1501;150109;KARTU IDENTITAS ANAK;UMUR 0-17;1;6262;JIWA;2022
326;15;JAMBI;1501;150119;KARTU IDENTITAS ANAK;UMUR 0-17;1;6045;JIWA;2022
327;15;JAMBI;1501;150108;KARTU IDENTITAS ANAK;UMUR 0-17;1;3059;JIWA;2022
328;15;JAMBI;1501;150104;KARTU IDENTITAS ANAK;UMUR 0-17;1;2445;JIWA;2022
329;15;JAMBI;1501;150116;KARTU IDENTITAS ANAK;UMUR 0-17;1;6158;JIWA;2022
330;15;JAMBI;1501;150118;KARTU IDENTITAS ANAK;UMUR 0-17;1;3003;JIWA;2022
331;15;JAMBI;1501;150122;KARTU IDENTITAS ANAK;UMUR 0-17;1;2127;JIWA;2022
332;15;JAMBI;1571;157109;KARTU IDENTITAS ANAK;UMUR 0-17;1;33738;JIWA;2022
333;15;JAMBI;1571;157110;KARTU IDENTITAS ANAK;UMUR 0-17;1;12344;JIWA;2022
334;15;JAMBI;1571;157106;KARTU IDENTITAS ANAK;UMUR 0-17;1;3834;JIWA;2022
335;15;JAMBI;1571;157102;KARTU IDENTITAS ANAK;UMUR 0-17;1;16317;JIWA;2022
336;15;JAMBI;1571;157103;KARTU IDENTITAS ANAK;UMUR 0-17;1;18329;JIWA;2022
337;15;JAMBI;1571;157108;KARTU IDENTITAS ANAK;UMUR 0-17;1;16630;JIWA;2022
338;15;JAMBI;1571;157107;KARTU IDENTITAS ANAK;UMUR 0-17;1;25520;JIWA;2022
339;15;JAMBI;1571;157111;KARTU IDENTITAS ANAK;UMUR 0-17;1;32579;JIWA;2022
340;15;JAMBI;1571;157104;KARTU IDENTITAS ANAK;UMUR 0-17;1;3014;JIWA;2022
341;15;JAMBI;1571;157105;KARTU IDENTITAS ANAK;UMUR 0-17;1;4049;JIWA;2022
342;15;JAMBI;1571;157101;KARTU IDENTITAS ANAK;UMUR 0-17;1;14459;JIWA;2022
343;15;JAMBI;1572;157203;KARTU IDENTITAS ANAK;UMUR 0-17;1;3748;JIWA;2022
344;15;JAMBI;1572;157207;KARTU IDENTITAS ANAK;UMUR 0-17;1;2634;JIWA;2022
345;15;JAMBI;1572;157205;KARTU IDENTITAS ANAK;UMUR 0-17;1;2559;JIWA;2022
346;15;JAMBI;1572;157202;KARTU IDENTITAS ANAK;UMUR 0-17;1;3293;JIWA;2022
347;15;JAMBI;1572;157206;KARTU IDENTITAS ANAK;UMUR 0-17;1;5023;JIWA;2022
348;15;JAMBI;1572;157208;KARTU IDENTITAS ANAK;UMUR 0-17;1;2984;JIWA;2022
349;15;JAMBI;1572;157201;KARTU IDENTITAS ANAK;UMUR 0-17;1;2799;JIWA;2022
350;15;JAMBI;1572;157204;KARTU IDENTITAS ANAK;UMUR 0-17;1;2431;JIWA;2022
351;15;JAMBI;1502;150202;KARTU IDENTITAS ANAK;UMUR 0-17;1;15915;JIWA;2022
352;15;JAMBI;1502;150210;KARTU IDENTITAS ANAK;UMUR 0-17;1;3365;JIWA;2022
353;15;JAMBI;1502;150212;KARTU IDENTITAS ANAK;UMUR 0-17;1;3697;JIWA;2022
354;15;JAMBI;1502;150201;KARTU IDENTITAS ANAK;UMUR 0-17;1;3423;JIWA;2022
355;15;JAMBI;1502;150218;KARTU IDENTITAS ANAK;UMUR 0-17;1;3357;JIWA;2022
356;15;JAMBI;1502;150209;KARTU IDENTITAS ANAK;UMUR 0-17;1;5055;JIWA;2022
357;15;JAMBI;1502;150221;KARTU IDENTITAS ANAK;UMUR 0-17;1;3890;JIWA;2022
358;15;JAMBI;1502;150203;KARTU IDENTITAS ANAK;UMUR 0-17;1;3219;JIWA;2022
359;15;JAMBI;1502;150211;KARTU IDENTITAS ANAK;UMUR 0-17;1;6433;JIWA;2022
360;15;JAMBI;1502;150206;KARTU IDENTITAS ANAK;UMUR 0-17;1;10727;JIWA;2022
361;15;JAMBI;1502;150213;KARTU IDENTITAS ANAK;UMUR 0-17;1;5303;JIWA;2022
362;15;JAMBI;1502;150220;KARTU IDENTITAS ANAK;UMUR 0-17;1;3387;JIWA;2022
363;15;JAMBI;1502;150217;KARTU IDENTITAS ANAK;UMUR 0-17;1;2063;JIWA;2022
364;15;JAMBI;1502;150219;KARTU IDENTITAS ANAK;UMUR 0-17;1;4217;JIWA;2022
365;15;JAMBI;1502;150216;KARTU IDENTITAS ANAK;UMUR 0-17;1;4410;JIWA;2022
366;15;JAMBI;1502;150204;KARTU IDENTITAS ANAK;UMUR 0-17;1;3615;JIWA;2022
367;15;JAMBI;1502;150205;KARTU IDENTITAS ANAK;UMUR 0-17;1;10236;JIWA;2022
368;15;JAMBI;1502;150223;KARTU IDENTITAS ANAK;UMUR 0-17;1;2983;JIWA;2022
369;15;JAMBI;1502;150214;KARTU IDENTITAS ANAK;UMUR 0-17;1;2969;JIWA;2022
370;15;JAMBI;1502;150222;KARTU IDENTITAS ANAK;UMUR 0-17;1;2493;JIWA;2022
371;15;JAMBI;1502;150208;KARTU IDENTITAS ANAK;UMUR 0-17;1;9061;JIWA;2022
372;15;JAMBI;1502;150215;KARTU IDENTITAS ANAK;UMUR 0-17;1;2366;JIWA;2022
373;15;JAMBI;1502;150207;KARTU IDENTITAS ANAK;UMUR 0-17;1;2502;JIWA;2022
374;15;JAMBI;1502;150224;KARTU IDENTITAS ANAK;UMUR 0-17;1;1309;JIWA;2022
375;15;JAMBI;1505;150510;KARTU IDENTITAS ANAK;UMUR 0-17;1;5428;JIWA;2022
376;15;JAMBI;1505;150509;KARTU IDENTITAS ANAK;UMUR 0-17;1;4086;JIWA;2022
377;15;JAMBI;1505;150501;KARTU IDENTITAS ANAK;UMUR 0-17;1;21252;JIWA;2022
378;15;JAMBI;1505;150503;KARTU IDENTITAS ANAK;UMUR 0-17;1;7724;JIWA;2022
379;15;JAMBI;1505;150506;KARTU IDENTITAS ANAK;UMUR 0-17;1;19202;JIWA;2022
380;15;JAMBI;1505;150504;KARTU IDENTITAS ANAK;UMUR 0-17;1;6771;JIWA;2022
381;15;JAMBI;1505;150505;KARTU IDENTITAS ANAK;UMUR 0-17;1;12202;JIWA;2022
382;15;JAMBI;1505;150502;KARTU IDENTITAS ANAK;UMUR 0-17;1;15361;JIWA;2022
383;15;JAMBI;1505;150507;KARTU IDENTITAS ANAK;UMUR 0-17;1;9037;JIWA;2022
384;15;JAMBI;1505;150508;KARTU IDENTITAS ANAK;UMUR 0-17;1;21956;JIWA;2022
385;15;JAMBI;1505;150511;KARTU IDENTITAS ANAK;UMUR 0-17;1;4298;JIWA;2022
386;15;JAMBI;1503;150307;KARTU IDENTITAS ANAK;UMUR 0-17;1;7697;JIWA;2022
387;15;JAMBI;1503;150301;KARTU IDENTITAS ANAK;UMUR 0-17;1;6057;JIWA;2022
388;15;JAMBI;1503;150308;KARTU IDENTITAS ANAK;UMUR 0-17;1;6220;JIWA;2022
389;15;JAMBI;1503;150310;KARTU IDENTITAS ANAK;UMUR 0-17;1;4705;JIWA;2022
390;15;JAMBI;1503;150302;KARTU IDENTITAS ANAK;UMUR 0-17;1;6028;JIWA;2022
391;15;JAMBI;1503;150306;KARTU IDENTITAS ANAK;UMUR 0-17;1;7910;JIWA;2022
392;15;JAMBI;1503;15030;KARTU IDENTITAS ANAK;UMUR 0-17;1;3757;JIWA;2022
393;15;JAMBI;1503;150304;KARTU IDENTITAS ANAK;UMUR 0-17;1;8131;JIWA;2022
394;15;JAMBI;1503;150305;KARTU IDENTITAS ANAK;UMUR 0-17;1;11113;JIWA;2022
395;15;JAMBI;1503;150303;KARTU IDENTITAS ANAK;UMUR 0-17;1;18880;JIWA;2022
396;15;JAMBI;1503;150309;KARTU IDENTITAS ANAK;UMUR 0-17;1;12526;JIWA;2022
397;15;JAMBI;1506;150607;KARTU IDENTITAS ANAK;UMUR 0-17;1;11744;JIWA;2022
398;15;JAMBI;1506;150604;KARTU IDENTITAS ANAK;UMUR 0-17;1;9593;JIWA;2022
399;15;JAMBI;1506;150611;KARTU IDENTITAS ANAK;UMUR 0-17;1;5552;JIWA;2022
400;15;JAMBI;1506;150612;KARTU IDENTITAS ANAK;UMUR 0-17;1;3895;JIWA;2022
401;15;JAMBI;1506;150605;KARTU IDENTITAS ANAK;UMUR 0-17;1;4913;JIWA;2022
402;15;JAMBI;1506;150609;KARTU IDENTITAS ANAK;UMUR 0-17;1;3178;JIWA;2022
403;15;JAMBI;1506;150603;KARTU IDENTITAS ANAK;UMUR 0-17;1;7000;JIWA;2022
404;15;JAMBI;1506;150608;KARTU IDENTITAS ANAK;UMUR 0-17;1;5015;JIWA;2022
405;15;JAMBI;1506;150610;KARTU IDENTITAS ANAK;UMUR 0-17;1;2345;JIWA;2022
406;15;JAMBI;1506;150613;KARTU IDENTITAS ANAK;UMUR 0-17;1;6722;JIWA;2022
407;15;JAMBI;1506;150606;KARTU IDENTITAS ANAK;UMUR 0-17;1;11593;JIWA;2022
408;15;JAMBI;1506;150602;KARTU IDENTITAS ANAK;UMUR 0-17;1;21510;JIWA;2022
409;15;JAMBI;1506;150601;KARTU IDENTITAS ANAK;UMUR 0-17;1;4584;JIWA;2022
410;15;JAMBI;1507;150711;KARTU IDENTITAS ANAK;UMUR 0-17;1;3113;JIWA;2022
411;15;JAMBI;1507;150706;KARTU IDENTITAS ANAK;UMUR 0-17;1;4515;JIWA;2022
412;15;JAMBI;1507;150710;KARTU IDENTITAS ANAK;UMUR 0-17;1;7573;JIWA;2022
413;15;JAMBI;1507;150708;KARTU IDENTITAS ANAK;UMUR 0-17;1;3823;JIWA;2022
414;15;JAMBI;1507;150703;KARTU IDENTITAS ANAK;UMUR 0-17;1;7047;JIWA;2022
415;15;JAMBI;1507;150709;KARTU IDENTITAS ANAK;UMUR 0-17;1;5171;JIWA;2022
416;15;JAMBI;1507;150707;KARTU IDENTITAS ANAK;UMUR 0-17;1;7194;JIWA;2022
417;15;JAMBI;1507;150701;KARTU IDENTITAS ANAK;UMUR 0-17;1;8712;JIWA;2022
418;15;JAMBI;1507;150702;KARTU IDENTITAS ANAK;UMUR 0-17;1;7258;JIWA;2022
419;15;JAMBI;1507;150704;KARTU IDENTITAS ANAK;UMUR 0-17;1;6851;JIWA;2022
420;15;JAMBI;1507;150705;KARTU IDENTITAS ANAK;UMUR 0-17;1;3724;JIWA;2022
421;15;JAMBI;1509;150912;KARTU IDENTITAS ANAK;UMUR 0-17;1;5405;JIWA;2022
422;15;JAMBI;1509;150904;KARTU IDENTITAS ANAK;UMUR 0-17;1;18566;JIWA;2022
423;15;JAMBI;1509;150908;KARTU IDENTITAS ANAK;UMUR 0-17;1;6068;JIWA;2022
424;15;JAMBI;1509;150907;KARTU IDENTITAS ANAK;UMUR 0-17;1;10749;JIWA;2022
425;15;JAMBI;1509;150910;KARTU IDENTITAS ANAK;UMUR 0-17;1;3150;JIWA;2022
426;15;JAMBI;1509;150905;KARTU IDENTITAS ANAK;UMUR 0-17;1;7394;JIWA;2022
427;15;JAMBI;1509;150902;KARTU IDENTITAS ANAK;UMUR 0-17;1;8644;JIWA;2022
428;15;JAMBI;1509;150901;KARTU IDENTITAS ANAK;UMUR 0-17;1;13065;JIWA;2022
429;15;JAMBI;1509;150903;KARTU IDENTITAS ANAK;UMUR 0-17;1;9397;JIWA;2022
430;15;JAMBI;1509;150909;KARTU IDENTITAS ANAK;UMUR 0-17;1;8909;JIWA;2022
431;15;JAMBI;1509;150906;KARTU IDENTITAS ANAK;UMUR 0-17;1;5828;JIWA;2022
432;15;JAMBI;1509;150911;KARTU IDENTITAS ANAK;UMUR 0-17;1;5958;JIWA;2022
433;15;JAMBI;1505;150501;KARTU IDENTITAS ANAK;MEMILIKI;2;4712;JIWA;2022
434;15;JAMBI;1505;150502;KARTU IDENTITAS ANAK;MEMILIKI;2;4035;JIWA;2022
435;15;JAMBI;1505;150503;KARTU IDENTITAS ANAK;MEMILIKI;2;1906;JIWA;2022
436;15;JAMBI;1505;150504;KARTU IDENTITAS ANAK;MEMILIKI;2;2933;JIWA;2022
437;15;JAMBI;1505;150505;KARTU IDENTITAS ANAK;MEMILIKI;2;1708;JIWA;2022
438;15;JAMBI;1505;150506;KARTU IDENTITAS ANAK;MEMILIKI;2;5500;JIWA;2022
439;15;JAMBI;1505;150507;KARTU IDENTITAS ANAK;MEMILIKI;2;3513;JIWA;2022
440;15;JAMBI;1505;150508;KARTU IDENTITAS ANAK;MEMILIKI;2;8628;JIWA;2022
441;15;JAMBI;1505;150509;KARTU IDENTITAS ANAK;MEMILIKI;2;1803;JIWA;2022
442;15;JAMBI;1505;150510;KARTU IDENTITAS ANAK;MEMILIKI;2;3037;JIWA;2022
443;15;JAMBI;1505;150511;KARTU IDENTITAS ANAK;MEMILIKI;2;1574;JIWA;2022
444;15;JAMBI;1505;150501;KARTU IDENTITAS ANAK;BELUM MEMILIKI;2;15777;JIWA;2022
445;15;JAMBI;1505;150502;KARTU IDENTITAS ANAK;BELUM MEMILIKI;2;10831;JIWA;2022
446;15;JAMBI;1505;150503;KARTU IDENTITAS ANAK;BELUM MEMILIKI;2;5583;JIWA;2022
447;15;JAMBI;1505;150504;KARTU IDENTITAS ANAK;BELUM MEMILIKI;2;3602;JIWA;2022
448;15;JAMBI;1505;150505;KARTU IDENTITAS ANAK;BELUM MEMILIKI;2;10061;JIWA;2022
449;15;JAMBI;1505;150506;KARTU IDENTITAS ANAK;BELUM MEMILIKI;2;13231;JIWA;2022
450;15;JAMBI;1505;150507;KARTU IDENTITAS ANAK;BELUM MEMILIKI;2;5247;JIWA;2022
451;15;JAMBI;1505;150508;KARTU IDENTITAS ANAK;BELUM MEMILIKI;2;12981;JIWA;2022
452;15;JAMBI;1505;150509;KARTU IDENTITAS ANAK;BELUM MEMILIKI;2;2143;JIWA;2022
453;15;JAMBI;1505;150510;KARTU IDENTITAS ANAK;BELUM MEMILIKI;2;2194;JIWA;2022
454;15;JAMBI;1505;150511;KARTU IDENTITAS ANAK;BELUM MEMILIKI;2;2586;JIWA;2022
455;15;JAMBI;1504;150401;KARTU IDENTITAS ANAK;MEMILIKI;2;3400;JIWA;2022
456;15;JAMBI;1504;150402;KARTU IDENTITAS ANAK;MEMILIKI;2;4179;JIWA;2022
457;15;JAMBI;1504;150403;KARTU IDENTITAS ANAK;MEMILIKI;2;10425;JIWA;2022
458;15;JAMBI;1504;150404;KARTU IDENTITAS ANAK;MEMILIKI;2;3185;JIWA;2022
459;15;JAMBI;1504;150405;KARTU IDENTITAS ANAK;MEMILIKI;2;3894;JIWA;2022
460;15;JAMBI;1504;150406;KARTU IDENTITAS ANAK;MEMILIKI;2;4905;JIWA;2022
461;15;JAMBI;1504;150407;KARTU IDENTITAS ANAK;MEMILIKI;2;4500;JIWA;2022
462;15;JAMBI;1504;150408;KARTU IDENTITAS ANAK;MEMILIKI;2;1501;JIWA;2022
463;15;JAMBI;1504;150401;KARTU IDENTITAS ANAK;BELUM MEMILIKI;2;5900;JIWA;2022
464;15;JAMBI;1504;150402;KARTU IDENTITAS ANAK;BELUM MEMILIKI;2;6034;JIWA;2022
465;15;JAMBI;1504;150403;KARTU IDENTITAS ANAK;BELUM MEMILIKI;2;8836;JIWA;2022
466;15;JAMBI;1504;150404;KARTU IDENTITAS ANAK;BELUM MEMILIKI;2;5761;JIWA;2022
467;15;JAMBI;1504;150405;KARTU IDENTITAS ANAK;BELUM MEMILIKI;2;6475;JIWA;2022
468;15;JAMBI;1504;150406;KARTU IDENTITAS ANAK;BELUM MEMILIKI;2;5936;JIWA;2022
469;15;JAMBI;1504;150407;KARTU IDENTITAS ANAK;BELUM MEMILIKI;2;6825;JIWA;2022
470;15;JAMBI;1504;150408;KARTU IDENTITAS ANAK;BELUM MEMILIKI;2;2602;JIWA;2022
471;15;JAMBI;1503;150301;KARTU IDENTITAS ANAK;MEMILIKI;2;2131;JIWA;2022
472;15;JAMBI;1503;150302;KARTU IDENTITAS ANAK;MEMILIKI;2;2246;JIWA;2022
473;15;JAMBI;1503;150303;KARTU IDENTITAS ANAK;MEMILIKI;2;10066;JIWA;2022
474;15;JAMBI;1503;150304;KARTU IDENTITAS ANAK;MEMILIKI;2;2676;JIWA;2022
475;15;JAMBI;1503;150305;KARTU IDENTITAS ANAK;MEMILIKI;2;3356;JIWA;2022
476;15;JAMBI;1503;150306;KARTU IDENTITAS ANAK;MEMILIKI;2;2347;JIWA;2022
477;15;JAMBI;1503;150307;KARTU IDENTITAS ANAK;MEMILIKI;2;2346;JIWA;2022
478;15;JAMBI;1503;150308;KARTU IDENTITAS ANAK;MEMILIKI;2;1958;JIWA;2022
479;15;JAMBI;1503;150309;KARTU IDENTITAS ANAK;MEMILIKI;2;3597;JIWA;2022
480;15;JAMBI;1503;150310;KARTU IDENTITAS ANAK;MEMILIKI;2;1313;JIWA;2022
481;15;JAMBI;1503;150311;KARTU IDENTITAS ANAK;MEMILIKI;2;1149;JIWA;2022
482;15;JAMBI;1503;150301;KARTU IDENTITAS ANAK;BELUM MEMILIKI;2;3972;JIWA;2022
483;15;JAMBI;1503;150302;KARTU IDENTITAS ANAK;BELUM MEMILIKI;2;3812;JIWA;2022
484;15;JAMBI;1503;150303;KARTU IDENTITAS ANAK;BELUM MEMILIKI;2;8192;JIWA;2022
485;15;JAMBI;1503;150304;KARTU IDENTITAS ANAK;BELUM MEMILIKI;2;5341;JIWA;2022
486;15;JAMBI;1503;150305;KARTU IDENTITAS ANAK;BELUM MEMILIKI;2;7315;JIWA;2022
487;15;JAMBI;1503;150306;KARTU IDENTITAS ANAK;BELUM MEMILIKI;2;5351;JIWA;2022
488;15;JAMBI;1503;150307;KARTU IDENTITAS ANAK;BELUM MEMILIKI;2;5131;JIWA;2022
489;15;JAMBI;1503;150308;KARTU IDENTITAS ANAK;BELUM MEMILIKI;2;4047;JIWA;2022
490;15;JAMBI;1503;150309;KARTU IDENTITAS ANAK;BELUM MEMILIKI;2;8390;JIWA;2022
491;15;JAMBI;1503;150310;KARTU IDENTITAS ANAK;BELUM MEMILIKI;2;3138;JIWA;2022
492;15;JAMBI;1503;150311;KARTU IDENTITAS ANAK;BELUM MEMILIKI;2;2497;JIWA;2022
493;15;JAMBI;1502;150201;KARTU IDENTITAS ANAK;MEMILIKI;2;1278;JIWA;2022
494;15;JAMBI;1502;150202;KARTU IDENTITAS ANAK;MEMILIKI;2;7101;JIWA;2022
495;15;JAMBI;1502;150203;KARTU IDENTITAS ANAK;MEMILIKI;2;1478;JIWA;2022
496;15;JAMBI;1502;150204;KARTU IDENTITAS ANAK;MEMILIKI;2;1224;JIWA;2022
497;15;JAMBI;1502;150205;KARTU IDENTITAS ANAK;MEMILIKI;2;4349;JIWA;2022
498;15;JAMBI;1502;150206;KARTU IDENTITAS ANAK;MEMILIKI;2;4863;JIWA;2022
499;15;JAMBI;1502;150207;KARTU IDENTITAS ANAK;MEMILIKI;2;843;JIWA;2022
500;15;JAMBI;1502;150208;KARTU IDENTITAS ANAK;MEMILIKI;2;5469;JIWA;2022
501;15;JAMBI;1502;150209;KARTU IDENTITAS ANAK;MEMILIKI;2;1885;JIWA;2022
502;15;JAMBI;1502;150210;KARTU IDENTITAS ANAK;MEMILIKI;2;1290;JIWA;2022
503;15;JAMBI;1502;150211;KARTU IDENTITAS ANAK;MEMILIKI;2;2984;JIWA;2022
504;15;JAMBI;1502;150212;KARTU IDENTITAS ANAK;MEMILIKI;2;1618;JIWA;2022
505;15;JAMBI;1502;150213;KARTU IDENTITAS ANAK;MEMILIKI;2;2264;JIWA;2022
506;15;JAMBI;1502;150214;KARTU IDENTITAS ANAK;MEMILIKI;2;1134;JIWA;2022
507;15;JAMBI;1502;150215;KARTU IDENTITAS ANAK;MEMILIKI;2;944;JIWA;2022
508;15;JAMBI;1502;150216;KARTU IDENTITAS ANAK;MEMILIKI;2;1508;JIWA;2022
509;15;JAMBI;1502;150217;KARTU IDENTITAS ANAK;MEMILIKI;2;819;JIWA;2022
510;15;JAMBI;1502;150218;KARTU IDENTITAS ANAK;MEMILIKI;2;1208;JIWA;2022
511;15;JAMBI;1502;150219;KARTU IDENTITAS ANAK;MEMILIKI;2;1687;JIWA;2022
512;15;JAMBI;1502;150220;KARTU IDENTITAS ANAK;MEMILIKI;2;1542;JIWA;2022
513;15;JAMBI;1502;150221;KARTU IDENTITAS ANAK;MEMILIKI;2;1779;JIWA;2022
514;15;JAMBI;1502;150222;KARTU IDENTITAS ANAK;MEMILIKI;2;1126;JIWA;2022
515;15;JAMBI;1502;150223;KARTU IDENTITAS ANAK;MEMILIKI;2;1060;JIWA;2022
516;15;JAMBI;1502;150224;KARTU IDENTITAS ANAK;MEMILIKI;2;493;JIWA;2022
517;15;JAMBI;1502;150201;KARTU IDENTITAS ANAK;BELUM MEMILIKI;2;2075;JIWA;2022
518;15;JAMBI;1502;150202;KARTU IDENTITAS ANAK;BELUM MEMILIKI;2;7978;JIWA;2022
519;15;JAMBI;1502;150203;KARTU IDENTITAS ANAK;BELUM MEMILIKI;2;1618;JIWA;2022
520;15;JAMBI;1502;150204;KARTU IDENTITAS ANAK;BELUM MEMILIKI;2;2217;JIWA;2022
521;15;JAMBI;1502;150205;KARTU IDENTITAS ANAK;BELUM MEMILIKI;2;5401;JIWA;2022
522;15;JAMBI;1502;150206;KARTU IDENTITAS ANAK;BELUM MEMILIKI;2;5250;JIWA;2022
523;15;JAMBI;1502;150207;KARTU IDENTITAS ANAK;BELUM MEMILIKI;2;1563;JIWA;2022
524;15;JAMBI;1502;150208;KARTU IDENTITAS ANAK;BELUM MEMILIKI;2;3139;JIWA;2022
525;15;JAMBI;1502;150209;KARTU IDENTITAS ANAK;BELUM MEMILIKI;2;3064;JIWA;2022
526;15;JAMBI;1502;150210;KARTU IDENTITAS ANAK;BELUM MEMILIKI;2;1870;JIWA;2022
527;15;JAMBI;1502;150211;KARTU IDENTITAS ANAK;BELUM MEMILIKI;2;3200;JIWA;2022
528;15;JAMBI;1502;150212;KARTU IDENTITAS ANAK;BELUM MEMILIKI;2;1980;JIWA;2022
529;15;JAMBI;1502;150213;KARTU IDENTITAS ANAK;BELUM MEMILIKI;2;2861;JIWA;2022
530;15;JAMBI;1502;150214;KARTU IDENTITAS ANAK;BELUM MEMILIKI;2;1737;JIWA;2022
531;15;JAMBI;1502;150215;KARTU IDENTITAS ANAK;BELUM MEMILIKI;2;1339;JIWA;2022
532;15;JAMBI;1502;150216;KARTU IDENTITAS ANAK;BELUM MEMILIKI;2;2701;JIWA;2022
533;15;JAMBI;1502;150217;KARTU IDENTITAS ANAK;BELUM MEMILIKI;2;1140;JIWA;2022
534;15;JAMBI;1502;150218;KARTU IDENTITAS ANAK;BELUM MEMILIKI;2;2066;JIWA;2022
535;15;JAMBI;1502;150219;KARTU IDENTITAS ANAK;BELUM MEMILIKI;2;2336;JIWA;2022
536;15;JAMBI;1502;150220;KARTU IDENTITAS ANAK;BELUM MEMILIKI;2;1719;JIWA;2022
537;15;JAMBI;1502;150221;KARTU IDENTITAS ANAK;BELUM MEMILIKI;2;1936;JIWA;2022
538;15;JAMBI;1502;150222;KARTU IDENTITAS ANAK;BELUM MEMILIKI;2;1266;JIWA;2022
539;15;JAMBI;1502;150223;KARTU IDENTITAS ANAK;BELUM MEMILIKI;2;1829;JIWA;2022
540;15;JAMBI;1502;150224;KARTU IDENTITAS ANAK;BELUM MEMILIKI;2;748;JIWA;2022
541;15;JAMBI;1501;150101;KARTU IDENTITAS ANAK;MEMILIKI;2;1003;JIWA;2022
542;15;JAMBI;1501;150102;KARTU IDENTITAS ANAK;MEMILIKI;2;1551;JIWA;2022
543;15;JAMBI;1501;150104;KARTU IDENTITAS ANAK;MEMILIKI;2;1061;JIWA;2022
544;15;JAMBI;1501;150105;KARTU IDENTITAS ANAK;MEMILIKI;2;1404;JIWA;2022
545;15;JAMBI;1501;150106;KARTU IDENTITAS ANAK;MEMILIKI;2;1540;JIWA;2022
546;15;JAMBI;1501;150107;KARTU IDENTITAS ANAK;MEMILIKI;2;1526;JIWA;2022
547;15;JAMBI;1501;150108;KARTU IDENTITAS ANAK;MEMILIKI;2;1183;JIWA;2022
548;15;JAMBI;1501;150109;KARTU IDENTITAS ANAK;MEMILIKI;2;2417;JIWA;2022
549;15;JAMBI;1501;150111;KARTU IDENTITAS ANAK;MEMILIKI;2;2223;JIWA;2022
550;15;JAMBI;1501;150115;KARTU IDENTITAS ANAK;MEMILIKI;2;2348;JIWA;2022
551;15;JAMBI;1501;150116;KARTU IDENTITAS ANAK;MEMILIKI;2;3334;JIWA;2022
552;15;JAMBI;1501;150117;KARTU IDENTITAS ANAK;MEMILIKI;2;2122;JIWA;2022
553;15;JAMBI;1501;150118;KARTU IDENTITAS ANAK;MEMILIKI;2;1941;JIWA;2022
554;15;JAMBI;1501;150119;KARTU IDENTITAS ANAK;MEMILIKI;2;3127;JIWA;2022
555;15;JAMBI;1501;150120;KARTU IDENTITAS ANAK;MEMILIKI;2;1530;JIWA;2022
556;15;JAMBI;1501;150121;KARTU IDENTITAS ANAK;MEMILIKI;2;1454;JIWA;2022
557;15;JAMBI;1501;150122;KARTU IDENTITAS ANAK;MEMILIKI;2;876;JIWA;2022
558;15;JAMBI;1501;150123;KARTU IDENTITAS ANAK;MEMILIKI;2;1157;JIWA;2022
559;15;JAMBI;1501;150101;KARTU IDENTITAS ANAK;BELUM MEMILIKI;2;1098;JIWA;2022
560;15;JAMBI;1501;150102;KARTU IDENTITAS ANAK;BELUM MEMILIKI;2;1843;JIWA;2022
561;15;JAMBI;1501;150104;KARTU IDENTITAS ANAK;BELUM MEMILIKI;2;1220;JIWA;2022
562;15;JAMBI;1501;150105;KARTU IDENTITAS ANAK;BELUM MEMILIKI;2;889;JIWA;2022
563;15;JAMBI;1501;150106;KARTU IDENTITAS ANAK;BELUM MEMILIKI;2;2067;JIWA;2022
564;15;JAMBI;1501;150107;KARTU IDENTITAS ANAK;BELUM MEMILIKI;2;1866;JIWA;2022
565;15;JAMBI;1501;150108;KARTU IDENTITAS ANAK;BELUM MEMILIKI;2;1632;JIWA;2022
566;15;JAMBI;1501;150109;KARTU IDENTITAS ANAK;BELUM MEMILIKI;2;3598;JIWA;2022
567;15;JAMBI;1501;150111;KARTU IDENTITAS ANAK;BELUM MEMILIKI;2;2145;JIWA;2022
568;15;JAMBI;1501;150115;KARTU IDENTITAS ANAK;BELUM MEMILIKI;2;2263;JIWA;2022
569;15;JAMBI;1501;150116;KARTU IDENTITAS ANAK;BELUM MEMILIKI;2;2613;JIWA;2022
570;15;JAMBI;1501;150117;KARTU IDENTITAS ANAK;BELUM MEMILIKI;2;1779;JIWA;2022
571;15;JAMBI;1501;150118;KARTU IDENTITAS ANAK;BELUM MEMILIKI;2;931;JIWA;2022
572;15;JAMBI;1501;150119;KARTU IDENTITAS ANAK;BELUM MEMILIKI;2;2705;JIWA;2022
573;15;JAMBI;1501;150120;KARTU IDENTITAS ANAK;BELUM MEMILIKI;2;1852;JIWA;2022
574;15;JAMBI;1501;150121;KARTU IDENTITAS ANAK;BELUM MEMILIKI;2;982;JIWA;2022
575;15;JAMBI;1501;150122;KARTU IDENTITAS ANAK;BELUM MEMILIKI;2;1127;JIWA;2022
576;15;JAMBI;1501;150123;KARTU IDENTITAS ANAK;BELUM MEMILIKI;2;1360;JIWA;2022
577;15;JAMBI;1506;150601;KARTU IDENTITAS ANAK;MEMILIKI;2;1381;JIWA;2022
578;15;JAMBI;1506;150602;KARTU IDENTITAS ANAK;MEMILIKI;2;9131;JIWA;2022
579;15;JAMBI;1506;150603;KARTU IDENTITAS ANAK;MEMILIKI;2;2788;JIWA;2022
580;15;JAMBI;1506;150604;KARTU IDENTITAS ANAK;MEMILIKI;2;2217;JIWA;2022
581;15;JAMBI;1506;150605;KARTU IDENTITAS ANAK;MEMILIKI;2;2059;JIWA;2022
582;15;JAMBI;1506;150606;KARTU IDENTITAS ANAK;MEMILIKI;2;2711;JIWA;2022
583;15;JAMBI;1506;150607;KARTU IDENTITAS ANAK;MEMILIKI;2;3524;JIWA;2022
584;15;JAMBI;1506;150608;KARTU IDENTITAS ANAK;MEMILIKI;2;1155;JIWA;2022
585;15;JAMBI;1506;150609;KARTU IDENTITAS ANAK;MEMILIKI;2;1736;JIWA;2022
586;15;JAMBI;1506;150610;KARTU IDENTITAS ANAK;MEMILIKI;2;470;JIWA;2022
587;15;JAMBI;1506;150611;KARTU IDENTITAS ANAK;MEMILIKI;2;1715;JIWA;2022
588;15;JAMBI;1506;150612;KARTU IDENTITAS ANAK;MEMILIKI;2;886;JIWA;2022
589;15;JAMBI;1506;150613;KARTU IDENTITAS ANAK;MEMILIKI;2;2135;JIWA;2022
590;15;JAMBI;1506;150601;KARTU IDENTITAS ANAK;BELUM MEMILIKI;2;2666;JIWA;2022
591;15;JAMBI;1506;150602;KARTU IDENTITAS ANAK;BELUM MEMILIKI;2;10525;JIWA;2022
592;15;JAMBI;1506;150603;KARTU IDENTITAS ANAK;BELUM MEMILIKI;2;3815;JIWA;2022
593;15;JAMBI;1506;150604;KARTU IDENTITAS ANAK;BELUM MEMILIKI;2;6447;JIWA;2022
594;15;JAMBI;1506;150605;KARTU IDENTITAS ANAK;BELUM MEMILIKI;2;2374;JIWA;2022
595;15;JAMBI;1506;150606;KARTU IDENTITAS ANAK;BELUM MEMILIKI;2;8045;JIWA;2022
596;15;JAMBI;1506;150607;KARTU IDENTITAS ANAK;BELUM MEMILIKI;2;7230;JIWA;2022
597;15;JAMBI;1506;150608;KARTU IDENTITAS ANAK;BELUM MEMILIKI;2;3239;JIWA;2022
598;15;JAMBI;1506;150609;KARTU IDENTITAS ANAK;BELUM MEMILIKI;2;1092;JIWA;2022
599;15;JAMBI;1506;150610;KARTU IDENTITAS ANAK;BELUM MEMILIKI;2;1706;JIWA;2022
600;15;JAMBI;1506;150611;KARTU IDENTITAS ANAK;BELUM MEMILIKI;2;3351;JIWA;2022
601;15;JAMBI;1506;150612;KARTU IDENTITAS ANAK;BELUM MEMILIKI;2;2639;JIWA;2022
602;15;JAMBI;1506;150613;KARTU IDENTITAS ANAK;BELUM MEMILIKI;2;4017;JIWA;2022
603;15;JAMBI;1572;157201;KARTU IDENTITAS ANAK;MEMILIKI;2;879;JIWA;2022
604;15;JAMBI;1572;157202;KARTU IDENTITAS ANAK;MEMILIKI;2;1184;JIWA;2022
605;15;JAMBI;1572;157203;KARTU IDENTITAS ANAK;MEMILIKI;2;1147;JIWA;2022
606;15;JAMBI;1572;157204;KARTU IDENTITAS ANAK;MEMILIKI;2;684;JIWA;2022
607;15;JAMBI;1572;157205;KARTU IDENTITAS ANAK;MEMILIKI;2;838;JIWA;2022
608;15;JAMBI;1572;157206;KARTU IDENTITAS ANAK;MEMILIKI;2;1741;JIWA;2022
609;15;JAMBI;1572;157207;KARTU IDENTITAS ANAK;MEMILIKI;2;660;JIWA;2022
610;15;JAMBI;1572;157208;KARTU IDENTITAS ANAK;MEMILIKI;2;1104;JIWA;2022
611;15;JAMBI;1572;157201;KARTU IDENTITAS ANAK;BELUM MEMILIKI;2;1751;JIWA;2022
612;15;JAMBI;1572;157202;KARTU IDENTITAS ANAK;BELUM MEMILIKI;2;1890;JIWA;2022
613;15;JAMBI;1572;157203;KARTU IDENTITAS ANAK;BELUM MEMILIKI;2;2324;JIWA;2022
614;15;JAMBI;1572;157204;KARTU IDENTITAS ANAK;BELUM MEMILIKI;2;1574;JIWA;2022
615;15;JAMBI;1572;157205;KARTU IDENTITAS ANAK;BELUM MEMILIKI;2;1553;JIWA;2022
616;15;JAMBI;1572;157206;KARTU IDENTITAS ANAK;BELUM MEMILIKI;2;3017;JIWA;2022
617;15;JAMBI;1572;157207;KARTU IDENTITAS ANAK;BELUM MEMILIKI;2;1767;JIWA;2022
618;15;JAMBI;1572;157208;KARTU IDENTITAS ANAK;BELUM MEMILIKI;2;1722;JIWA;2022
619;15;JAMBI;1571;157101;KARTU IDENTITAS ANAK;MEMILIKI;2;7752;JIWA;2022
620;15;JAMBI;1571;157102;KARTU IDENTITAS ANAK;MEMILIKI;2;8152;JIWA;2022
621;15;JAMBI;1571;157103;KARTU IDENTITAS ANAK;MEMILIKI;2;9796;JIWA;2022
622;15;JAMBI;1571;157104;KARTU IDENTITAS ANAK;MEMILIKI;2;1437;JIWA;2022
623;15;JAMBI;1571;157105;KARTU IDENTITAS ANAK;MEMILIKI;2;1837;JIWA;2022
624;15;JAMBI;1571;157106;KARTU IDENTITAS ANAK;MEMILIKI;2;1608;JIWA;2022
625;15;JAMBI;1571;157107;KARTU IDENTITAS ANAK;MEMILIKI;2;12852;JIWA;2022
626;15;JAMBI;1571;157108;KARTU IDENTITAS ANAK;MEMILIKI;2;8009;JIWA;2022
627;15;JAMBI;1571;157109;KARTU IDENTITAS ANAK;MEMILIKI;2;15361;JIWA;2022
628;15;JAMBI;1571;157110;KARTU IDENTITAS ANAK;MEMILIKI;2;5967;JIWA;2022
629;15;JAMBI;1571;157111;KARTU IDENTITAS ANAK;MEMILIKI;2;15749;JIWA;2022
630;15;JAMBI;1571;157101;KARTU IDENTITAS ANAK;BELUM MEMILIKI;2;7199;JIWA;2022
631;15;JAMBI;1571;157102;KARTU IDENTITAS ANAK;BELUM MEMILIKI;2;7341;JIWA;2022
632;15;JAMBI;1571;157103;KARTU IDENTITAS ANAK;BELUM MEMILIKI;2;7507;JIWA;2022
633;15;JAMBI;1571;157104;KARTU IDENTITAS ANAK;BELUM MEMILIKI;2;1354;JIWA;2022
634;15;JAMBI;1571;157105;KARTU IDENTITAS ANAK;BELUM MEMILIKI;2;2097;JIWA;2022
635;15;JAMBI;1571;157106;KARTU IDENTITAS ANAK;BELUM MEMILIKI;2;2089;JIWA;2022
636;15;JAMBI;1571;157107;KARTU IDENTITAS ANAK;BELUM MEMILIKI;2;11952;JIWA;2022
637;15;JAMBI;1571;157108;KARTU IDENTITAS ANAK;BELUM MEMILIKI;2;7677;JIWA;2022
638;15;JAMBI;1571;157109;KARTU IDENTITAS ANAK;BELUM MEMILIKI;2;16018;JIWA;2022
639;15;JAMBI;1571;157110;KARTU IDENTITAS ANAK;BELUM MEMILIKI;2;5638;JIWA;2022
640;15;JAMBI;1571;157111;KARTU IDENTITAS ANAK;BELUM MEMILIKI;2;15600;JIWA;2022
641;15;JAMBI;1571;150901;KARTU IDENTITAS ANAK;MEMILIKI;2;6139;JIWA;2022
642;15;JAMBI;1571;150902;KARTU IDENTITAS ANAK;MEMILIKI;2;3167;JIWA;2022
643;15;JAMBI;1571;150903;KARTU IDENTITAS ANAK;MEMILIKI;2;3789;JIWA;2022
644;15;JAMBI;1571;150904;KARTU IDENTITAS ANAK;MEMILIKI;2;8728;JIWA;2022
645;15;JAMBI;1571;150905;KARTU IDENTITAS ANAK;MEMILIKI;2;2662;JIWA;2022
646;15;JAMBI;1571;150906;KARTU IDENTITAS ANAK;MEMILIKI;2;2656;JIWA;2022
647;15;JAMBI;1571;150907;KARTU IDENTITAS ANAK;MEMILIKI;2;4582;JIWA;2022
648;15;JAMBI;1571;150908;KARTU IDENTITAS ANAK;MEMILIKI;2;3664;JIWA;2022
649;15;JAMBI;1571;150909;KARTU IDENTITAS ANAK;MEMILIKI;2;3160;JIWA;2022
650;15;JAMBI;1571;150910;KARTU IDENTITAS ANAK;MEMILIKI;2;1289;JIWA;2022
651;15;JAMBI;1571;150911;KARTU IDENTITAS ANAK;MEMILIKI;2;2394;JIWA;2022
652;15;JAMBI;1571;150912;KARTU IDENTITAS ANAK;MEMILIKI;2;1729;JIWA;2022
653;15;JAMBI;1571;150901;KARTU IDENTITAS ANAK;BELUM MEMILIKI;2;6338;JIWA;2022
654;15;JAMBI;1571;150902;KARTU IDENTITAS ANAK;BELUM MEMILIKI;2;5114;JIWA;2022
655;15;JAMBI;1571;150903;KARTU IDENTITAS ANAK;BELUM MEMILIKI;2;5058;JIWA;2022
656;15;JAMBI;1571;150904;KARTU IDENTITAS ANAK;BELUM MEMILIKI;2;8856;JIWA;2022
657;15;JAMBI;1571;150905;KARTU IDENTITAS ANAK;BELUM MEMILIKI;2;4695;JIWA;2022
658;15;JAMBI;1571;150906;KARTU IDENTITAS ANAK;BELUM MEMILIKI;2;2961;JIWA;2022
659;15;JAMBI;1571;150907;KARTU IDENTITAS ANAK;BELUM MEMILIKI;2;5578;JIWA;2022
660;15;JAMBI;1571;150908;KARTU IDENTITAS ANAK;BELUM MEMILIKI;2;2099;JIWA;2022
661;15;JAMBI;1571;150909;KARTU IDENTITAS ANAK;BELUM MEMILIKI;2;5401;JIWA;2022
662;15;JAMBI;1571;150910;KARTU IDENTITAS ANAK;BELUM MEMILIKI;2;1824;JIWA;2022
663;15;JAMBI;1571;150911;KARTU IDENTITAS ANAK;BELUM MEMILIKI;2;3457;JIWA;2022
664;15;JAMBI;1571;150912;KARTU IDENTITAS ANAK;BELUM MEMILIKI;2;3542;JIWA;2022
665;15;JAMBI;1508;150801;KARTU IDENTITAS ANAK;MEMILIKI;2;1085;JIWA;2022
666;15;JAMBI;1508;150802;KARTU IDENTITAS ANAK;MEMILIKI;2;830;JIWA;2022
667;15;JAMBI;1508;150803;KARTU IDENTITAS ANAK;MEMILIKI;2;2281;JIWA;2022
668;15;JAMBI;1508;150804;KARTU IDENTITAS ANAK;MEMILIKI;2;3303;JIWA;2022
669;15;JAMBI;1508;150805;KARTU IDENTITAS ANAK;MEMILIKI;2;1190;JIWA;2022
670;15;JAMBI;1508;150806;KARTU IDENTITAS ANAK;MEMILIKI;2;2207;JIWA;2022
671;15;JAMBI;1508;150807;KARTU IDENTITAS ANAK;MEMILIKI;2;1521;JIWA;2022
672;15;JAMBI;1508;150808;KARTU IDENTITAS ANAK;MEMILIKI;2;1444;JIWA;2022
673;15;JAMBI;1508;150809;KARTU IDENTITAS ANAK;MEMILIKI;2;8277;JIWA;2022
674;15;JAMBI;1508;150810;KARTU IDENTITAS ANAK;MEMILIKI;2;1749;JIWA;2022
675;15;JAMBI;1508;150811;KARTU IDENTITAS ANAK;MEMILIKI;2;2809;JIWA;2022
676;15;JAMBI;1508;150812;KARTU IDENTITAS ANAK;MEMILIKI;2;3376;JIWA;2022
677;15;JAMBI;1508;150813;KARTU IDENTITAS ANAK;MEMILIKI;2;4457;JIWA;2022
678;15;JAMBI;1508;150814;KARTU IDENTITAS ANAK;MEMILIKI;2;1080;JIWA;2022
679;15;JAMBI;1508;150815;KARTU IDENTITAS ANAK;MEMILIKI;2;988;JIWA;2022
680;15;JAMBI;1508;150816;KARTU IDENTITAS ANAK;MEMILIKI;2;675;JIWA;2022
681;15;JAMBI;1508;150817;KARTU IDENTITAS ANAK;MEMILIKI;2;1595;JIWA;2022
682;15;JAMBI;1508;150801;KARTU IDENTITAS ANAK;BELUM MEMILIKI;2;2946;JIWA;2022
683;15;JAMBI;1508;150802;KARTU IDENTITAS ANAK;BELUM MEMILIKI;2;2351;JIWA;2022
684;15;JAMBI;1508;150803;KARTU IDENTITAS ANAK;BELUM MEMILIKI;2;3991;JIWA;2022
685;15;JAMBI;1508;150804;KARTU IDENTITAS ANAK;BELUM MEMILIKI;2;2597;JIWA;2022
686;15;JAMBI;1508;150805;KARTU IDENTITAS ANAK;BELUM MEMILIKI;2;5901;JIWA;2022
687;15;JAMBI;1508;150806;KARTU IDENTITAS ANAK;BELUM MEMILIKI;2;8872;JIWA;2022
688;15;JAMBI;1508;150807;KARTU IDENTITAS ANAK;BELUM MEMILIKI;2;3491;JIWA;2022
689;15;JAMBI;1508;150808;KARTU IDENTITAS ANAK;BELUM MEMILIKI;2;3330;JIWA;2022
690;15;JAMBI;1508;150809;KARTU IDENTITAS ANAK;BELUM MEMILIKI;2;6810;JIWA;2022
691;15;JAMBI;1508;150810;KARTU IDENTITAS ANAK;BELUM MEMILIKI;2;2922;JIWA;2022
692;15;JAMBI;1508;150811;KARTU IDENTITAS ANAK;BELUM MEMILIKI;2;5499;JIWA;2022
693;15;JAMBI;1508;150812;KARTU IDENTITAS ANAK;BELUM MEMILIKI;2;4878;JIWA;2022
694;15;JAMBI;1508;150813;KARTU IDENTITAS ANAK;BELUM MEMILIKI;2;6187;JIWA;2022
695;15;JAMBI;1508;150814;KARTU IDENTITAS ANAK;BELUM MEMILIKI;2;1826;JIWA;2022
696;15;JAMBI;1508;150815;KARTU IDENTITAS ANAK;BELUM MEMILIKI;2;1763;JIWA;2022
697;15;JAMBI;1508;150816;KARTU IDENTITAS ANAK;BELUM MEMILIKI;2;1809;JIWA;2022
698;15;JAMBI;1508;150817;KARTU IDENTITAS ANAK;BELUM MEMILIKI;2;5550;JIWA;2022
699;15;JAMBI;1507;150701;KARTU IDENTITAS ANAK;MEMILIKI;2;2760;JIWA;2022
700;15;JAMBI;1507;150702;KARTU IDENTITAS ANAK;MEMILIKI;2;1275;JIWA;2022
701;15;JAMBI;1507;150703;KARTU IDENTITAS ANAK;MEMILIKI;2;2778;JIWA;2022
702;15;JAMBI;1507;150704;KARTU IDENTITAS ANAK;MEMILIKI;2;544;JIWA;2022
703;15;JAMBI;1507;150705;KARTU IDENTITAS ANAK;MEMILIKI;2;1009;JIWA;2022
704;15;JAMBI;1507;150706;KARTU IDENTITAS ANAK;MEMILIKI;2;1922;JIWA;2022
705;15;JAMBI;1507;150707;KARTU IDENTITAS ANAK;MEMILIKI;2;2775;JIWA;2022
706;15;JAMBI;1507;150708;KARTU IDENTITAS ANAK;MEMILIKI;2;1125;JIWA;2022
707;15;JAMBI;1507;150709;KARTU IDENTITAS ANAK;MEMILIKI;2;572;JIWA;2022
708;15;JAMBI;1507;150710;KARTU IDENTITAS ANAK;MEMILIKI;2;2440;JIWA;2022
709;15;JAMBI;1507;150711;KARTU IDENTITAS ANAK;MEMILIKI;2;842;JIWA;2022
710;15;JAMBI;1507;150701;KARTU IDENTITAS ANAK;BELUM MEMILIKI;2;5464;JIWA;2022
711;15;JAMBI;1507;150702;KARTU IDENTITAS ANAK;BELUM MEMILIKI;2;5629;JIWA;2022
712;15;JAMBI;1507;150703;KARTU IDENTITAS ANAK;BELUM MEMILIKI;2;3892;JIWA;2022
713;15;JAMBI;1507;150704;KARTU IDENTITAS ANAK;BELUM MEMILIKI;2;6087;JIWA;2022
714;15;JAMBI;1507;150705;KARTU IDENTITAS ANAK;BELUM MEMILIKI;2;2563;JIWA;2022
715;15;JAMBI;1507;150706;KARTU IDENTITAS ANAK;BELUM MEMILIKI;2;2404;JIWA;2022
716;15;JAMBI;1507;150707;KARTU IDENTITAS ANAK;BELUM MEMILIKI;2;4225;JIWA;2022
717;15;JAMBI;1507;150708;KARTU IDENTITAS ANAK;BELUM MEMILIKI;2;2493;JIWA;2022
718;15;JAMBI;1507;150709;KARTU IDENTITAS ANAK;BELUM MEMILIKI;2;4381;JIWA;2022
719;15;JAMBI;1507;150710;KARTU IDENTITAS ANAK;BELUM MEMILIKI;2;4958;JIWA;2022
720;15;JAMBI;1507;150711;KARTU IDENTITAS ANAK;BELUM MEMILIKI;2;2101;JIWA;2022
