id;kode_provinsi;nama_provinsi;kode_kabupaten_kota;nama_kabupaten_kota;nama;alamat;tematik_dtw;tahun
1;15;JAMBI;1505;MUARO JAMBI;-;KM.13 RT.17 PONDOK MEJA KECAMATAN MESTONG;WISATA ALAM;2024
2;15;JAMBI;1506;TANJUNG JABUNG BARAT;AIK TERJUN TEMBULUN BETINO;JALAN LINTAS TIMUR RIAU - JAMBI KEC. BATANG ASAM DESA SUBAN;WISATA ALAM;2024
3;15;JAMBI;1507;TANJUNG JABUNG TIMUR;AIR PANAS GERAGAI;-;WISATA ALAM;2024
4;15;JAMBI;1509;TEBO;AIR TERJUN SUNGAI BULAN;PEMAYUNGAN, KECAMATAN SUMAY, KABUPATEN TEBO;WISATA ALAM;2024
5;15;JAMBI;1502;MERANGIN;AKBAR WATERPARK;JL. LORONG PERINTIS;WISATA BUATAN;2024
6;15;JAMBI;1571;KOTA JAMBI;ARENA BERKUDA DAN MEMANAH SAPARI STABLES;JL. YULIUS USMAN LRG. MANGGA 1 RT.20 KEL. PEMATANG SULUR;WISATA BUATAN;2024
7;15;JAMBI;1501;KERINCI;ARUNG JERAM GEMURUH MALGAN SAKTI;DESA SEBERANG MERANGIN PULAU SANGKAR;WISATA ALAM;2024
8;15;JAMBI;1507;TANJUNG JABUNG TIMUR;CANDI 1 MAKAM ORANG KAYO HITAM;-;WISATA BUDAYA;2024
9;15;JAMBI;1506;TANJUNG JABUNG BARAT;DANAU CERMIN;DESA BRASAU KECAMATAN TUNGKAL ULU KABUPATEN TANJUNG JABAUNG BARAT;WISATA ALAM, WISATA BUATAN;2024
10;15;JAMBI;1503;SAROLANGUN;GELANGGANG RENANG;KOMPLEK SAROLANGUN SPORT CENTRE RT 21 KELURAHAN AURGADING KECAMATAN SAROLANGUN;WISATA BUATAN;2024
11;15;JAMBI;1571;KOTA JAMBI;KOLAM PANCING PANDAWA FISHING;JL. PERDANA RAYA PERUM. GRIYA LINGGA PERMAI RT.21 KEL. PAAL V KEC. KOTABARU;WISATA BUATAN;2024
12;15;JAMBI;1571;KOTA JAMBI;KOLAM PEMANCINGAN 45;RT.06 KEL. PAAL V KEC. KOTABARU;WISATA BUATAN;2024
13;15;JAMBI;1571;KOTA JAMBI;KOLAM PEMANCINGAN ACONG;RT.26 KEL KENALI ASAM;WISATA BUATAN;2024
14;15;JAMBI;1571;KOTA JAMBI;KOLAM PEMANCINGAN ALAZKA;JL. M. KUKUH RT.11 KEL. PAAL 5;WISATA BUATAN;2024
15;15;JAMBI;1571;KOTA JAMBI;KOLAM PEMANCINGAN ATLANTIS;LRG. SISWA RT.06 KEL. SUKA KARYA KEC. KOTABARU;WISATA BUATAN;2024
16;15;JAMBI;1571;KOTA JAMBI;KOLAM PEMANCINGAN BABA;JL. KEBON DAGING KEL. MAYANG MAGURAI;WISATA BUATAN;2024
17;15;JAMBI;1571;KOTA JAMBI;KOLAM PEMANCINGAN BAGAN PETE;RT. 08 KEL. BAGAN PETE;WISATA BUATAN;2024
18;15;JAMBI;1571;KOTA JAMBI;KOLAM PEMANCINGAN KELAPA KEMBAR;JL. SARIBAKTI RT.16 KEL. BELIUNG;WISATA BUATAN;2024
19;15;JAMBI;1571;KOTA JAMBI;KOLAM PEMANCINGAN MAK NYAK KITO;JL. SUNAN BONANG RT.12 KEL. SIMP. III SIPIN;WISATA BUATAN;2024
20;15;JAMBI;1571;KOTA JAMBI;KOLAM PEMANCINGAN NDT;JL. DARMAWANGSA RT.15 KEL. KENALI ASAM ATAS;WISATA BUATAN;2024
21;15;JAMBI;1571;KOTA JAMBI;KOLAM PEMANCINGAN PANCORAN;JL. SARIBAKTI RT.16 KEL. BELIUNG;WISATA BUATAN;2024
22;15;JAMBI;1571;KOTA JAMBI;KOLAM PEMANCINGAN R & R;JL. P. HIDAYAT RT.15 KEL. SUKAKARYA;WISATA BUATAN;2024
23;15;JAMBI;1571;KOTA JAMBI;KOLAM PEMANCINGAN SATRIA;RT.07 KEL. SUKAKARYA KEC. KOTABARU;WISATA BUATAN;2024
24;15;JAMBI;1571;KOTA JAMBI;KOLAM PEMANCINGAN SENTOSA;JL. ANUGRAH LRG. SEI KUNYIT RT.15 KEL. KENALI BESAR;WISATA BUATAN;2024
25;15;JAMBI;1571;KOTA JAMBI;KOLAM PEMANCINGAN SUTOYO;JL. RD. WIJAYA LRG. AKIMAR RT.25 KEL. THEHOK;WISATA BUATAN;2024
26;15;JAMBI;1571;KOTA JAMBI;KOLAM PEMANCINGAN TELAGA JATI;JL. ANUGRAH RT.06 KEL. KENALI BESAR;WISATA BUATAN;2024
27;15;JAMBI;1503;SAROLANGUN;KOLAM RENANG HOMESTAY SAOENK RADJA;JL. SINDAI RT 03 KELURAHAN SUKASARI KECAMATAN SAROLANGUN KABUPATEN SAROLANGUN ;WISATA BUATAN;2024
28;15;JAMBI;1503;SAROLANGUN;KOLAM RENANG PBBR;DESA MUARA CUBAN KECAMATAN BATANG ASAI KABUPATEN SAROLANGUN;-;2024
29;15;JAMBI;1505;MUARO JAMBI;KOLAM RENANG WINDY;DESA BUKIT BALING RT.04 KECAMATAN SEKERNAN ;WISATA BUATAN;2024
30;15;JAMBI;1508;BUNGO;LUBUK BERINGIN;MUARABUNGO, KECAMATAN BATHIN III ULU, LUBUK BERINGIN;WISATA ALAM;2024
31;15;JAMBI;1507;TANJUNG JABUNG TIMUR;MAKAM ORANG KAYO HITAM;-;WISATA BUDAYA;2024
32;15;JAMBI;1507;TANJUNG JABUNG TIMUR;MAKAM PUTRI JULAN;-;WISATA BUDAYA;2024
33;15;JAMBI;1508;BUNGO;MORA GARDEN;MUARABUNGO, JL.PUSO, KECAMATAN RIMBO TENGAH, KELURAHAN CADIKA;WISATA BUATAN;2024
34;15;JAMBI;1571;KOTA JAMBI;MUSEUM BIOSKOP JAMBI;JL. TEMPOA II NO 21 CEMPAKA PUTIH JELUTUNG;WISATA BUDAYA;2024
35;15;JAMBI;1507;TANJUNG JABUNG TIMUR;PERAHU KUNO;-;WISATA BUDAYA;2024
36;15;JAMBI;1503;SAROLANGUN;PONDOK BULUH BUKIT RAYO;DESA MUARA CUBAN KECAMATAN BATANG ASAI KABUPATEN SAROLANGUN;WISATA ALAM, WISATA BUATAN;2024
37;15;JAMBI;1501;KERINCI;RAWA BENTO;DESA JERNIH JAYA KECAMATAN GUNUNG TUJUH;WISATA ALAM;2024
38;15;JAMBI;1507;TANJUNG JABUNG TIMUR;SITUS MAKAM SITI HAWA;-;-;2024
39;15;JAMBI;1508;BUNGO;TAMAN KAPAL KOTA LINTAS;TAMAN KAPAL KOTA LINTAS, MUARABUNGO ;WISATA BUATAN;2024
40;15;JAMBI;1507;TANJUNG JABUNG TIMUR;TAMAN NASIONAL BERBAK DAN SEMBILANG;-;WISATA ALAM;2024
41;15;JAMBI;1501;KERINCI;TAMAN PERTIWI;DESA PENDUNG TALANG GENTING KECAMATAN DANAU KERINCI;WISATA BUATAN;2024
42;15;JAMBI;1508;BUNGO;TAMAN UTAKA SANAK;MUARABUNGO, KECAMATAN RIMBO TENGAH, KELURAHAN CADIKA.;WISATA BUATAN;2024
43;15;JAMBI;1571;KOTA JAMBI;TAMAN WISATA PEMANCINGAN DONOREJO;JL. DONOREJO RT.25 KEL. PASIR PUTIH KEC. JAMBI SELATAN;WISATA BUATAN;2024
44;15;JAMBI;1508;BUNGO;TAMAN WISATA TALIBA GARDEN;KECAMATAN BABEKO, KABUPATEN BUNGO, PROVINSI JAMBI ;WISATA BUATAN;2024
45;15;JAMBI;1571;KOTA JAMBI;TELANAIPURA GOLF CLUB;JL. A. THALIB KEL. PEMATANG SULUR;WISATA BUATAN;2024
46;15;JAMBI;1571;KOTA JAMBI;TEMPOA ART GALLERY;JL. TEMPOA II NO 21 CEMPAKA PUTIH JELUTUNG;WISATA BUDAYA;2024
47;15;JAMBI;1508;BUNGO;WISATA ALAM AIR TERJUN SUNGAI BESAR;RENAH SUNGAI BESAR, KECAMATAN LIMBUR LUBUK MENGKUANG;WISATA ALAM;2024
48;15;JAMBI;1506;TANJUNG JABUNG BARAT;WISATA DANAU JABUNG;DESA KUALA DASAL KECAMATAN TUNGKAL ULU KABUPATEN TANJUNG JABUNG BARAT;WISATA ALAM, WISATA BUATAN;2024
49;15;JAMBI;1506;TANJUNG JABUNG BARAT;WISATA PANTAI KELAPA MANGROVE;DESA TUNGKAL 1 PARIT 9;WISATA ALAM, WISATA BUATAN;2024
