kode_provinsi;nama_provinsi;kode_kabupaten_kota;nama_ruas_jalan;kondisi;panjang_jalan;satuan;tahun
15;JAMBI;1506;SEI. SAREN 0 TELUK NILAU 0 PARIT 10/ SENYERANG;BAIK;30,16;KILOMETER;2022
15;JAMBI;1506;PARIT 10 / SENYERANG 0 MEKAR JATI 0 BTS. RIAU;BAIK;0;KILOMETER;2022
15;JAMBI;1507;SUAK KANDIS 0 DESA SIMPANG/BERBAK;BAIK;0;KILOMETER;2022
15;JAMBI;1507;DESA SIMPANG/BERBAK - SIMP. JEMBATAN MUARA SABAK;BAIK;15,2;KILOMETER;2022
15;JAMBI;1507;SP. LAGAN - SP. PELABI/ ZONA V;BAIK;14,4;KILOMETER;2022
15;JAMBI;1505;SIMPANG TALANG PUDAK - SUAK KANDIS;BAIK;17;KILOMETER;2022
15;JAMBI;1505;SUNGAI DUREN - SUNGAI BULUH;BAIK;23,2;KILOMETER;2022
15;JAMBI;1505;TEMPINO - BTS. KAB. MA. JAMBI/BTS. BATANGHARI;BAIK;1,6;KILOMETER;2022
15;JAMBI;1505;SIMP. AHOK (KOTA JAMBI) - SIMP. PASAR BUPER - BUMI PERKEMAHAN PRAMUKA;BAIK;8,8;KILOMETER;2022
15;JAMBI;1509;MUARA TEBO - SIMP. LOGPON;BAIK;32,708;KILOMETER;2022
15;JAMBI;1509;SIMP. LOGPON - TANJUNG/BTS. SUMBAR;BAIK;34,4;KILOMETER;2022
15;JAMBI;1509;SIMP. SAWMIL - SIMP. LOGPON ;BAIK;24,476;KILOMETER;2022
15;JAMBI;1508;MA. BUNGO - PENINJAUAN - JUNCTION;BAIK;27,129;KILOMETER;2022
15;JAMBI;1508;PENINJAUAN - LBK MENGKUANG - TKA ( BTS. SUMBAR );BAIK;18,175;KILOMETER;2022
15;JAMBI;1508;JALAN LINGKAR MUARA BUNGO (SEI. MENGKUANG - SIMP. SEI. BULUH - SIMP. TANJUNG MENANTI - SIMP. TERMINAL/PTP - SEI. BINJAI);BAIK;10,2;KILOMETER;2022
15;JAMBI;1504;BTS. KAB. MA. JAMBI/KAB. BATANGHARI - BTS. KOTA MUARA BULIAN;BAIK;8,2;KILOMETER;2022
15;JAMBI;1504;JL. SUDIRMAN (MA.BULIAN);BAIK;5;KILOMETER;2022
15;JAMBI;1504;SIMP. PENEROKAN - SIMP. SUKA MAKMUR/SUNGAI BAHAR;BAIK;16,4;KILOMETER;2022
15;JAMBI;1501;SANGGARAN AGUNG - JUJUN;BAIK;6,555;KILOMETER;2022
15;JAMBI;1501;JUJUN - LEMPUR;BAIK;13,422;KILOMETER;2022
15;JAMBI;1501;JUJUN - BTS. KAB. KERINCI/BTS. KOTA SUNGAI PENUH;BAIK;14,345;KILOMETER;2022
15;JAMBI;1572;JALAN DEPATI PARBO (SUNGAI PENUH);BAIK;4,85;KILOMETER;2022
15;JAMBI;1572;SIMP. DEBAI - DUSUN BARU - BATAS KOTA SUNGAI PENUH - SIMP. 4. SEBUKAR;BAIK;3,7;KILOMETER;2022
15;JAMBI;1502;SIMP. MARGOYOSO - SUMBER AGUNG - AIR HITAM/SIMP. MENTAWAK;BAIK;42,21;KILOMETER;2022
15;JAMBI;1502;SIMP. PULAU. RENGAS -  MUARA SIAU;BAIK;22,793;KILOMETER;2022
15;JAMBI;1502;MUARA SIAU - DUSUN TUO ;BAIK;19,4;KILOMETER;2022
15;JAMBI;1502;DUSUN TUO - JANGKAT ;BAIK;61,057;KILOMETER;2022
15;JAMBI;1503;SIMP. PELAWAN - SEI. SALAK ;BAIK;20;KILOMETER;2022
15;JAMBI;1503;SEI. SALAK - PEKAN GEDANG/ BATANG ASAI;BAIK;2;KILOMETER;2022
15;JAMBI;1503;PEKAN GEDANG/BATANG ASAI - MA. TALANG - JANGKAT   ;BAIK;1,6;KILOMETER;2022
15;JAMBI;1503;SIMP. PAUH - AIR HITAM/SIMP. MENTAWAK;BAIK;7,2;KILOMETER;2022
15;JAMBI;1571;JLN. RADEN MATTAHER - JLN. M. HUSNI THAMRIN ;BAIK;0;KILOMETER;2022
15;JAMBI;1571;JL. RANGKAYO HITAM - JL. ABDUL KARTAWIRANA - JL. RANGKAYO PINGAI - JL. SENTOT ALIBASA;BAIK;0,8;KILOMETER;2022
15;JAMBI;1571;JLN. DR. SUTOMO;BAIK;0;KILOMETER;2022
15;JAMBI;1571;JLN. DR. SETIA BUDI - JLN. KH. HASIM ASHARI - JLN. PANGERAN DIPONEGORO;BAIK;1,716;KILOMETER;2022
15;JAMBI;1571;JLN. GAJAH MADA - JLN. HAYAM WURUK;BAIK;1;KILOMETER;2022
15;JAMBI;1571;JLN.KOL. POLISI M. TAHER - JLN. GR. DJAMIN DT. BAGINDO - JLN. KOL. POL.AHMAD BASTARI - JLN. BRIGJEND.KATAMSO;BAIK;2,4;KILOMETER;2022
15;JAMBI;1571;JLN. HOS COKRO AMINOTO;BAIK;1,6;KILOMETER;2022
15;JAMBI;1571;JLN. SLAMET RIYADI - JLN. URIP SUMOHARJO;BAIK;3,017;KILOMETER;2022
15;JAMBI;1571;JLN. PROF.DR.SRI SOEDEWI, MS - JLN. YUSUF SINGEDEKANE - JLN. H.A.MANAP - JL. ARIEF RAHMAN HAKIM;BAIK;1,4;KILOMETER;2022
15;JAMBI;1571;JLN. RE. MARTADINATA - JLN. JEND.A. YANI - JLN. JEND.MT. HARYONO;BAIK;0,4;KILOMETER;2022
15;JAMBI;1571;JLN. ADE IRMA SURYANI - JLN. DR.SIWABESI - JLN. KH. ABDUL MALIK JAMBI;BAIK;1,6;KILOMETER;2022
15;JAMBI;1571;JLN. JEND. BASUKI RAHMAT - JLN. H. AGUS SALIM - JLN. H. ADAM MALIK;BAIK;3,206;KILOMETER;2022
15;JAMBI;1571;JLN.ABDUL RAHMAN SALEH;BAIK;2,101;KILOMETER;2022
15;JAMBI;1571;JLN. KAPTEN PATTIMURA - JLN. KAPTEN BAKARUDDIN;BAIK;4,5;KILOMETER;2022
15;JAMBI;1571;JLN. KOL. ABUNJANI - JLN. SUMANTRI BROJONEGORO;BAIK;1,8;KILOMETER;2022
15;JAMBI;1571;JL. R. SIAGIAN;BAIK;2,818;KILOMETER;2022
15;JAMBI;1571;SIMP. ALKAL - BANDARA SULTAN THAHA SYAIFUDDIN - LINGKAR TIMUR;BAIK;2;KILOMETER;2022
15;JAMBI;1506;SEI. SAREN 0 TELUK NILAU 0 PARIT 10/ SENYERANG;SEDANG;0,52;KILOMETER;2022
15;JAMBI;1506;PARIT 10 / SENYERANG 0 MEKAR JATI 0 BTS. RIAU;SEDANG;4,4;KILOMETER;2022
15;JAMBI;1507;SUAK KANDIS 0 DESA SIMPANG/BERBAK;SEDANG;9,2;KILOMETER;2022
15;JAMBI;1507;DESA SIMPANG/BERBAK - SIMP. JEMBATAN MUARA SABAK;SEDANG;8,641;KILOMETER;2022
15;JAMBI;1507;SP. LAGAN - SP. PELABI/ ZONA V;SEDANG;6,6;KILOMETER;2022
15;JAMBI;1505;SIMPANG TALANG PUDAK - SUAK KANDIS;SEDANG;4,6;KILOMETER;2022
15;JAMBI;1505;SUNGAI DUREN - SUNGAI BULUH;SEDANG;7,3;KILOMETER;2022
15;JAMBI;1505;TEMPINO - BTS. KAB. MA. JAMBI/BTS. BATANGHARI;SEDANG;6,2;KILOMETER;2022
15;JAMBI;1505;SIMP. AHOK (KOTA JAMBI) - SIMP. PASAR BUPER - BUMI PERKEMAHAN PRAMUKA;SEDANG;1,9;KILOMETER;2022
15;JAMBI;1509;MUARA TEBO - SIMP. LOGPON;SEDANG;6,2;KILOMETER;2022
15;JAMBI;1509;SIMP. LOGPON - TANJUNG/BTS. SUMBAR;SEDANG;10,2;KILOMETER;2022
15;JAMBI;1509;SIMP. SAWMIL - SIMP. LOGPON ;SEDANG;3,6;KILOMETER;2022
15;JAMBI;1508;MA. BUNGO - PENINJAUAN - JUNCTION;SEDANG;14;KILOMETER;2022
15;JAMBI;1508;PENINJAUAN - LBK MENGKUANG - TKA ( BTS. SUMBAR );SEDANG;21,709;KILOMETER;2022
15;JAMBI;1508;JALAN LINGKAR MUARA BUNGO (SEI. MENGKUANG - SIMP. SEI. BULUH - SIMP. TANJUNG MENANTI - SIMP. TERMINAL/PTP - SEI. BINJAI);SEDANG;10,95;KILOMETER;2022
15;JAMBI;1504;BTS. KAB. MA. JAMBI/KAB. BATANGHARI - BTS. KOTA MUARA BULIAN;SEDANG;8,122;KILOMETER;2022
15;JAMBI;1504;JL. SUDIRMAN (MA.BULIAN);SEDANG;1;KILOMETER;2022
15;JAMBI;1504;SIMP. PENEROKAN - SIMP. SUKA MAKMUR/SUNGAI BAHAR;SEDANG;5,8;KILOMETER;2022
15;JAMBI;1501;SANGGARAN AGUNG - JUJUN;SEDANG;2,2;KILOMETER;2022
15;JAMBI;1501;JUJUN - LEMPUR;SEDANG;0,4;KILOMETER;2022
15;JAMBI;1501;JUJUN - BTS. KAB. KERINCI/BTS. KOTA SUNGAI PENUH;SEDANG;0,2;KILOMETER;2022
15;JAMBI;1572;JALAN DEPATI PARBO (SUNGAI PENUH);SEDANG;0;KILOMETER;2022
15;JAMBI;1572;SIMP. DEBAI - DUSUN BARU - BATAS KOTA SUNGAI PENUH - SIMP. 4. SEBUKAR;SEDANG;0,6;KILOMETER;2022
15;JAMBI;1502;SIMP. MARGOYOSO - SUMBER AGUNG - AIR HITAM/SIMP. MENTAWAK;SEDANG;9,396;KILOMETER;2022
15;JAMBI;1502;SIMP. PULAU. RENGAS -  MUARA SIAU;SEDANG;8,2;KILOMETER;2022
15;JAMBI;1502;MUARA SIAU - DUSUN TUO ;SEDANG;9,982;KILOMETER;2022
15;JAMBI;1502;DUSUN TUO - JANGKAT ;SEDANG;11,968;KILOMETER;2022
15;JAMBI;1503;SIMP. PELAWAN - SEI. SALAK ;SEDANG;12,6;KILOMETER;2022
15;JAMBI;1503;SEI. SALAK - PEKAN GEDANG/ BATANG ASAI;SEDANG;15,6;KILOMETER;2022
15;JAMBI;1503;PEKAN GEDANG/BATANG ASAI - MA. TALANG - JANGKAT   ;SEDANG;30,7;KILOMETER;2022
15;JAMBI;1503;SIMP. PAUH - AIR HITAM/SIMP. MENTAWAK;SEDANG;5,2;KILOMETER;2022
15;JAMBI;1571;JLN. RADEN MATTAHER - JLN. M. HUSNI THAMRIN ;SEDANG;1,038;KILOMETER;2022
15;JAMBI;1571;JL. RANGKAYO HITAM - JL. ABDUL KARTAWIRANA - JL. RANGKAYO PINGAI - JL. SENTOT ALIBASA;SEDANG;2,342;KILOMETER;2022
15;JAMBI;1571;JLN. DR. SUTOMO;SEDANG;0,367;KILOMETER;2022
15;JAMBI;1571;JLN. DR. SETIA BUDI - JLN. KH. HASIM ASHARI - JLN. PANGERAN DIPONEGORO;SEDANG;0,8;KILOMETER;2022
15;JAMBI;1571;JLN. GAJAH MADA - JLN. HAYAM WURUK;SEDANG;2,123;KILOMETER;2022
15;JAMBI;1571;JLN.KOL. POLISI M. TAHER - JLN. GR. DJAMIN DT. BAGINDO - JLN. KOL. POL.AHMAD BASTARI - JLN. BRIGJEND.KATAMSO;SEDANG;0,2;KILOMETER;2022
15;JAMBI;1571;JLN. HOS COKRO AMINOTO;SEDANG;0,048;KILOMETER;2022
15;JAMBI;1571;JLN. SLAMET RIYADI - JLN. URIP SUMOHARJO;SEDANG;0,2;KILOMETER;2022
15;JAMBI;1571;JLN. PROF.DR.SRI SOEDEWI, MS - JLN. YUSUF SINGEDEKANE - JLN. H.A.MANAP - JL. ARIEF RAHMAN HAKIM;SEDANG;2,25;KILOMETER;2022
15;JAMBI;1571;JLN. RE. MARTADINATA - JLN. JEND.A. YANI - JLN. JEND.MT. HARYONO;SEDANG;1,38;KILOMETER;2022
15;JAMBI;1571;JLN. ADE IRMA SURYANI - JLN. DR.SIWABESI - JLN. KH. ABDUL MALIK JAMBI;SEDANG;1,821;KILOMETER;2022
15;JAMBI;1571;JLN. JEND. BASUKI RAHMAT - JLN. H. AGUS SALIM - JLN. H. ADAM MALIK;SEDANG;0,6;KILOMETER;2022
15;JAMBI;1571;JLN.ABDUL RAHMAN SALEH;SEDANG;0;KILOMETER;2022
15;JAMBI;1571;JLN. KAPTEN PATTIMURA - JLN. KAPTEN BAKARUDDIN;SEDANG;0,6;KILOMETER;2022
15;JAMBI;1571;JLN. KOL. ABUNJANI - JLN. SUMANTRI BROJONEGORO;SEDANG;0,7;KILOMETER;2022
15;JAMBI;1571;JL. R. SIAGIAN;SEDANG;0;KILOMETER;2022
15;JAMBI;1571;SIMP. ALKAL - BANDARA SULTAN THAHA SYAIFUDDIN - LINGKAR TIMUR;SEDANG;0,6;KILOMETER;2022
15;JAMBI;1506;SEI. SAREN 0 TELUK NILAU 0 PARIT 10/ SENYERANG;RUSAK RINGAN;1,56;KILOMETER;2022
15;JAMBI;1506;PARIT 10 / SENYERANG 0 MEKAR JATI 0 BTS. RIAU;RUSAK RINGAN;1,283;KILOMETER;2022
15;JAMBI;1507;SUAK KANDIS 0 DESA SIMPANG/BERBAK;RUSAK RINGAN;8,2;KILOMETER;2022
15;JAMBI;1507;DESA SIMPANG/BERBAK - SIMP. JEMBATAN MUARA SABAK;RUSAK RINGAN;17,4;KILOMETER;2022
15;JAMBI;1507;SP. LAGAN - SP. PELABI/ ZONA V;RUSAK RINGAN;7,2;KILOMETER;2022
15;JAMBI;1505;SIMPANG TALANG PUDAK - SUAK KANDIS;RUSAK RINGAN;42,42;KILOMETER;2022
15;JAMBI;1505;SUNGAI DUREN - SUNGAI BULUH;RUSAK RINGAN;1;KILOMETER;2022
15;JAMBI;1505;TEMPINO - BTS. KAB. MA. JAMBI/BTS. BATANGHARI;RUSAK RINGAN;5,074;KILOMETER;2022
15;JAMBI;1505;SIMP. AHOK (KOTA JAMBI) - SIMP. PASAR BUPER - BUMI PERKEMAHAN PRAMUKA;RUSAK RINGAN;6,8;KILOMETER;2022
15;JAMBI;1509;MUARA TEBO - SIMP. LOGPON;RUSAK RINGAN;20,4;KILOMETER;2022
15;JAMBI;1509;SIMP. LOGPON - TANJUNG/BTS. SUMBAR;RUSAK RINGAN;6,2;KILOMETER;2022
15;JAMBI;1509;SIMP. SAWMIL - SIMP. LOGPON ;RUSAK RINGAN;0,8;KILOMETER;2022
15;JAMBI;1508;MA. BUNGO - PENINJAUAN - JUNCTION;RUSAK RINGAN;3;KILOMETER;2022
15;JAMBI;1508;PENINJAUAN - LBK MENGKUANG - TKA ( BTS. SUMBAR );RUSAK RINGAN;1,414;KILOMETER;2022
15;JAMBI;1508;JALAN LINGKAR MUARA BUNGO (SEI. MENGKUANG - SIMP. SEI. BULUH - SIMP. TANJUNG MENANTI - SIMP. TERMINAL/PTP - SEI. BINJAI);RUSAK RINGAN;0,4;KILOMETER;2022
15;JAMBI;1504;BTS. KAB. MA. JAMBI/KAB. BATANGHARI - BTS. KOTA MUARA BULIAN;RUSAK RINGAN;3;KILOMETER;2022
15;JAMBI;1504;JL. SUDIRMAN (MA.BULIAN);RUSAK RINGAN;1,434;KILOMETER;2022
15;JAMBI;1504;SIMP. PENEROKAN - SIMP. SUKA MAKMUR/SUNGAI BAHAR;RUSAK RINGAN;5,9;KILOMETER;2022
15;JAMBI;1501;SANGGARAN AGUNG - JUJUN;RUSAK RINGAN;0;KILOMETER;2022
15;JAMBI;1501;JUJUN - LEMPUR;RUSAK RINGAN;0;KILOMETER;2022
15;JAMBI;1501;JUJUN - BTS. KAB. KERINCI/BTS. KOTA SUNGAI PENUH;RUSAK RINGAN;0,2;KILOMETER;2022
15;JAMBI;1572;JALAN DEPATI PARBO (SUNGAI PENUH);RUSAK RINGAN;0;KILOMETER;2022
15;JAMBI;1572;SIMP. DEBAI - DUSUN BARU - BATAS KOTA SUNGAI PENUH - SIMP. 4. SEBUKAR;RUSAK RINGAN;0;KILOMETER;2022
15;JAMBI;1502;SIMP. MARGOYOSO - SUMBER AGUNG - AIR HITAM/SIMP. MENTAWAK;RUSAK RINGAN;0;KILOMETER;2022
15;JAMBI;1502;SIMP. PULAU. RENGAS -  MUARA SIAU;RUSAK RINGAN;4,6;KILOMETER;2022
15;JAMBI;1502;MUARA SIAU - DUSUN TUO ;RUSAK RINGAN;5;KILOMETER;2022
15;JAMBI;1502;DUSUN TUO - JANGKAT ;RUSAK RINGAN;1,014;KILOMETER;2022
15;JAMBI;1503;SIMP. PELAWAN - SEI. SALAK ;RUSAK RINGAN;25,9;KILOMETER;2022
15;JAMBI;1503;SEI. SALAK - PEKAN GEDANG/ BATANG ASAI;RUSAK RINGAN;12,4;KILOMETER;2022
15;JAMBI;1503;PEKAN GEDANG/BATANG ASAI - MA. TALANG - JANGKAT   ;RUSAK RINGAN;13,6;KILOMETER;2022
15;JAMBI;1503;SIMP. PAUH - AIR HITAM/SIMP. MENTAWAK;RUSAK RINGAN;24,85;KILOMETER;2022
15;JAMBI;1571;JLN. RADEN MATTAHER - JLN. M. HUSNI THAMRIN ;RUSAK RINGAN;0;KILOMETER;2022
15;JAMBI;1571;JL. RANGKAYO HITAM - JL. ABDUL KARTAWIRANA - JL. RANGKAYO PINGAI - JL. SENTOT ALIBASA;RUSAK RINGAN;1;KILOMETER;2022
15;JAMBI;1571;JLN. DR. SUTOMO;RUSAK RINGAN;0,2;KILOMETER;2022
15;JAMBI;1571;JLN. DR. SETIA BUDI - JLN. KH. HASIM ASHARI - JLN. PANGERAN DIPONEGORO;RUSAK RINGAN;0;KILOMETER;2022
15;JAMBI;1571;JLN. GAJAH MADA - JLN. HAYAM WURUK;RUSAK RINGAN;0;KILOMETER;2022
15;JAMBI;1571;JLN.KOL. POLISI M. TAHER - JLN. GR. DJAMIN DT. BAGINDO - JLN. KOL. POL.AHMAD BASTARI - JLN. BRIGJEND.KATAMSO;RUSAK RINGAN;1,469;KILOMETER;2022
15;JAMBI;1571;JLN. HOS COKRO AMINOTO;RUSAK RINGAN;0;KILOMETER;2022
15;JAMBI;1571;JLN. SLAMET RIYADI - JLN. URIP SUMOHARJO;RUSAK RINGAN;0;KILOMETER;2022
15;JAMBI;1571;JLN. PROF.DR.SRI SOEDEWI, MS - JLN. YUSUF SINGEDEKANE - JLN. H.A.MANAP - JL. ARIEF RAHMAN HAKIM;RUSAK RINGAN;0;KILOMETER;2022
15;JAMBI;1571;JLN. RE. MARTADINATA - JLN. JEND.A. YANI - JLN. JEND.MT. HARYONO;RUSAK RINGAN;0;KILOMETER;2022
15;JAMBI;1571;JLN. ADE IRMA SURYANI - JLN. DR.SIWABESI - JLN. KH. ABDUL MALIK JAMBI;RUSAK RINGAN;1,4;KILOMETER;2022
15;JAMBI;1571;JLN. JEND. BASUKI RAHMAT - JLN. H. AGUS SALIM - JLN. H. ADAM MALIK;RUSAK RINGAN;0;KILOMETER;2022
15;JAMBI;1571;JLN.ABDUL RAHMAN SALEH;RUSAK RINGAN;0;KILOMETER;2022
15;JAMBI;1571;JLN. KAPTEN PATTIMURA - JLN. KAPTEN BAKARUDDIN;RUSAK RINGAN;0;KILOMETER;2022
15;JAMBI;1571;JLN. KOL. ABUNJANI - JLN. SUMANTRI BROJONEGORO;RUSAK RINGAN;0;KILOMETER;2022
15;JAMBI;1571;JL. R. SIAGIAN;RUSAK RINGAN;0;KILOMETER;2022
15;JAMBI;1571;SIMP. ALKAL - BANDARA SULTAN THAHA SYAIFUDDIN - LINGKAR TIMUR;RUSAK RINGAN;0;KILOMETER;2022
15;JAMBI;1506;SEI. SAREN 0 TELUK NILAU 0 PARIT 10/ SENYERANG;RUSAK BERAT;0,26;KILOMETER;2022
15;JAMBI;1506;PARIT 10 / SENYERANG 0 MEKAR JATI 0 BTS. RIAU;RUSAK BERAT;0,4;KILOMETER;2022
15;JAMBI;1507;SUAK KANDIS 0 DESA SIMPANG/BERBAK;RUSAK BERAT;3,666;KILOMETER;2022
15;JAMBI;1507;DESA SIMPANG/BERBAK - SIMP. JEMBATAN MUARA SABAK;RUSAK BERAT;4,4;KILOMETER;2022
15;JAMBI;1507;SP. LAGAN - SP. PELABI/ ZONA V;RUSAK BERAT;5;KILOMETER;2022
15;JAMBI;1505;SIMPANG TALANG PUDAK - SUAK KANDIS;RUSAK BERAT;3,4;KILOMETER;2022
15;JAMBI;1505;SUNGAI DUREN - SUNGAI BULUH;RUSAK BERAT;0;KILOMETER;2022
15;JAMBI;1505;TEMPINO - BTS. KAB. MA. JAMBI/BTS. BATANGHARI;RUSAK BERAT;0;KILOMETER;2022
15;JAMBI;1505;SIMP. AHOK (KOTA JAMBI) - SIMP. PASAR BUPER - BUMI PERKEMAHAN PRAMUKA;RUSAK BERAT;0;KILOMETER;2022
15;JAMBI;1509;MUARA TEBO - SIMP. LOGPON;RUSAK BERAT;0;KILOMETER;2022
15;JAMBI;1509;SIMP. LOGPON - TANJUNG/BTS. SUMBAR;RUSAK BERAT;0;KILOMETER;2022
15;JAMBI;1509;SIMP. SAWMIL - SIMP. LOGPON ;RUSAK BERAT;0;KILOMETER;2022
15;JAMBI;1508;MA. BUNGO - PENINJAUAN - JUNCTION;RUSAK BERAT;0;KILOMETER;2022
15;JAMBI;1508;PENINJAUAN - LBK MENGKUANG - TKA ( BTS. SUMBAR );RUSAK BERAT;0,202;KILOMETER;2022
15;JAMBI;1508;JALAN LINGKAR MUARA BUNGO (SEI. MENGKUANG - SIMP. SEI. BULUH - SIMP. TANJUNG MENANTI - SIMP. TERMINAL/PTP - SEI. BINJAI);RUSAK BERAT;0;KILOMETER;2022
15;JAMBI;1504;BTS. KAB. MA. JAMBI/KAB. BATANGHARI - BTS. KOTA MUARA BULIAN;RUSAK BERAT;0;KILOMETER;2022
15;JAMBI;1504;JL. SUDIRMAN (MA.BULIAN);RUSAK BERAT;0;KILOMETER;2022
15;JAMBI;1504;SIMP. PENEROKAN - SIMP. SUKA MAKMUR/SUNGAI BAHAR;RUSAK BERAT;0;KILOMETER;2022
15;JAMBI;1501;SANGGARAN AGUNG - JUJUN;RUSAK BERAT;0;KILOMETER;2022
15;JAMBI;1501;JUJUN - LEMPUR;RUSAK BERAT;0;KILOMETER;2022
15;JAMBI;1501;JUJUN - BTS. KAB. KERINCI/BTS. KOTA SUNGAI PENUH;RUSAK BERAT;0;KILOMETER;2022
15;JAMBI;1572;JALAN DEPATI PARBO (SUNGAI PENUH);RUSAK BERAT;0;KILOMETER;2022
15;JAMBI;1572;SIMP. DEBAI - DUSUN BARU - BATAS KOTA SUNGAI PENUH - SIMP. 4. SEBUKAR;RUSAK BERAT;0;KILOMETER;2022
15;JAMBI;1502;SIMP. MARGOYOSO - SUMBER AGUNG - AIR HITAM/SIMP. MENTAWAK;RUSAK BERAT;0;KILOMETER;2022
15;JAMBI;1502;SIMP. PULAU. RENGAS -  MUARA SIAU;RUSAK BERAT;0;KILOMETER;2022
15;JAMBI;1502;MUARA SIAU - DUSUN TUO ;RUSAK BERAT;0;KILOMETER;2022
15;JAMBI;1502;DUSUN TUO - JANGKAT ;RUSAK BERAT;0,203;KILOMETER;2022
15;JAMBI;1503;SIMP. PELAWAN - SEI. SALAK ;RUSAK BERAT;0,2;KILOMETER;2022
15;JAMBI;1503;SEI. SALAK - PEKAN GEDANG/ BATANG ASAI;RUSAK BERAT;0,4;KILOMETER;2022
15;JAMBI;1503;PEKAN GEDANG/BATANG ASAI - MA. TALANG - JANGKAT   ;RUSAK BERAT;0;KILOMETER;2022
15;JAMBI;1503;SIMP. PAUH - AIR HITAM/SIMP. MENTAWAK;RUSAK BERAT;0;KILOMETER;2022
15;JAMBI;1571;JLN. RADEN MATTAHER - JLN. M. HUSNI THAMRIN ;RUSAK BERAT;0;KILOMETER;2022
15;JAMBI;1571;JL. RANGKAYO HITAM - JL. ABDUL KARTAWIRANA - JL. RANGKAYO PINGAI - JL. SENTOT ALIBASA;RUSAK BERAT;0;KILOMETER;2022
15;JAMBI;1571;JLN. DR. SUTOMO;RUSAK BERAT;0;KILOMETER;2022
15;JAMBI;1571;JLN. DR. SETIA BUDI - JLN. KH. HASIM ASHARI - JLN. PANGERAN DIPONEGORO;RUSAK BERAT;0;KILOMETER;2022
15;JAMBI;1571;JLN. GAJAH MADA - JLN. HAYAM WURUK;RUSAK BERAT;0;KILOMETER;2022
15;JAMBI;1571;JLN.KOL. POLISI M. TAHER - JLN. GR. DJAMIN DT. BAGINDO - JLN. KOL. POL.AHMAD BASTARI - JLN. BRIGJEND.KATAMSO;RUSAK BERAT;0;KILOMETER;2022
15;JAMBI;1571;JLN. HOS COKRO AMINOTO;RUSAK BERAT;0;KILOMETER;2022
15;JAMBI;1571;JLN. SLAMET RIYADI - JLN. URIP SUMOHARJO;RUSAK BERAT;0;KILOMETER;2022
15;JAMBI;1571;JLN. PROF.DR.SRI SOEDEWI, MS - JLN. YUSUF SINGEDEKANE - JLN. H.A.MANAP - JL. ARIEF RAHMAN HAKIM;RUSAK BERAT;0;KILOMETER;2022
15;JAMBI;1571;JLN. RE. MARTADINATA - JLN. JEND.A. YANI - JLN. JEND.MT. HARYONO;RUSAK BERAT;0;KILOMETER;2022
15;JAMBI;1571;JLN. ADE IRMA SURYANI - JLN. DR.SIWABESI - JLN. KH. ABDUL MALIK JAMBI;RUSAK BERAT;0;KILOMETER;2022
15;JAMBI;1571;JLN. JEND. BASUKI RAHMAT - JLN. H. AGUS SALIM - JLN. H. ADAM MALIK;RUSAK BERAT;0;KILOMETER;2022
15;JAMBI;1571;JLN.ABDUL RAHMAN SALEH;RUSAK BERAT;0;KILOMETER;2022
15;JAMBI;1571;JLN. KAPTEN PATTIMURA - JLN. KAPTEN BAKARUDDIN;RUSAK BERAT;0;KILOMETER;2022
15;JAMBI;1571;JLN. KOL. ABUNJANI - JLN. SUMANTRI BROJONEGORO;RUSAK BERAT;0;KILOMETER;2022
15;JAMBI;1571;JL. R. SIAGIAN;RUSAK BERAT;0;KILOMETER;2022
15;JAMBI;1571;SIMP. ALKAL - BANDARA SULTAN THAHA SYAIFUDDIN - LINGKAR TIMUR;RUSAK BERAT;0;KILOMETER;2022
15;JAMBI;1506;SEI. SAREN 0 TELUK NILAU 0 PARIT 10/ SENYERANG;BAIK;30,16;KILOMETER;2023
15;JAMBI;1506;PARIT 10 / SENYERANG 0 MEKAR JATI 0 BTS. RIAU;BAIK;0;KILOMETER;2023
15;JAMBI;1507;SUAK KANDIS 0 DESA SIMPANG/BERBAK;BAIK;2;KILOMETER;2023
15;JAMBI;1507;DESA SIMPANG/BERBAK - SIMP. JEMBATAN MUARA SABAK;BAIK;15,4;KILOMETER;2023
15;JAMBI;1507;SP. LAGAN - SP. PELABI/ ZONA V;BAIK;18,4;KILOMETER;2023
15;JAMBI;1505;SIMPANG TALANG PUDAK - SUAK KANDIS;BAIK;18,4;KILOMETER;2023
15;JAMBI;1505;SUNGAI DUREN - SUNGAI BULUH;BAIK;17;KILOMETER;2023
15;JAMBI;1505;TEMPINO - BTS. KAB. MA. JAMBI/BTS. BATANGHARI;BAIK;6,6;KILOMETER;2023
15;JAMBI;1505;SIMP. AHOK (KOTA JAMBI) - SIMP. PASAR BUPER - BUMI PERKEMAHAN PRAMUKA;BAIK;8,6;KILOMETER;2023
15;JAMBI;1505;SIMP. SUKA MAKMUR/SUNGAI BAHAR - DESA NYOGAN - SIMP. SUKA DAMAI ;BAIK;7,13;KILOMETER;2023
15;JAMBI;1509;MUARA TEBO - SIMP. LOGPON;BAIK;36,51;KILOMETER;2023
15;JAMBI;1509;SIMP. LOGPON - TANJUNG/BTS. SUMBAR;BAIK;31,8;KILOMETER;2023
15;JAMBI;1509;SIMP. SAWMIL - SIMP. LOGPON ;BAIK;20,08;KILOMETER;2023
15;JAMBI;1509;SIMP. SUKA MAKMUR/SUNGAI BAHAR - DESA NYOGAN - SIMP. SUKA DAMAI ;BAIK;4,7;KILOMETER;2023
15;JAMBI;1508;MA. BUNGO - PENINJAUAN - JUNCTION;BAIK;17,73;KILOMETER;2023
15;JAMBI;1508;PENINJAUAN - LBK MENGKUANG - TKA ( BTS. SUMBAR );BAIK;11,16;KILOMETER;2023
15;JAMBI;1508;JALAN LINGKAR MUARA BUNGO (SEI. MENGKUANG - SIMP. SEI. BULUH - SIMP. TANJUNG MENANTI - SIMP. TERMINAL/PTP - SEI. BINJAI);BAIK;8,2;KILOMETER;2023
15;JAMBI;1508;BTS. KAB. TEBO/BTS. KAB. BUNGO - KUAMANG KUNING - SIMP. KUAMANG (MERANGIN);BAIK;8,5;KILOMETER;2023
15;JAMBI;1504;BTS. KAB. MA. JAMBI/KAB. BATANGHARI - BTS. KOTA MUARA BULIAN;BAIK;16,92;KILOMETER;2023
15;JAMBI;1504;JL. SUDIRMAN (MA.BULIAN);BAIK;5,4;KILOMETER;2023
15;JAMBI;1504;SIMP. PENEROKAN - SIMP. SUKA MAKMUR/SUNGAI BAHAR;BAIK;19,8;KILOMETER;2023
15;JAMBI;1501;SANGGARAN AGUNG - JUJUN;BAIK;5,595;KILOMETER;2023
15;JAMBI;1501;JUJUN - LEMPUR;BAIK;13,22;KILOMETER;2023
15;JAMBI;1501;JUJUN - BTS. KAB. KERINCI/BTS. KOTA SUNGAI PENUH;BAIK;13,945;KILOMETER;2023
15;JAMBI;1501;KELOK SAGO - SANGGARAN AGUNG;BAIK;3,5;KILOMETER;2023
15;JAMBI;1501;JALAN SEKUNGKUNG - BTS. KAB. KERINCI/ BTS. SUNGAI PENUH  BATU KURIK;BAIK;6;KILOMETER;2023
15;JAMBI;1572;JALAN DEPATI PARBO (SUNGAI PENUH);BAIK;4,85;KILOMETER;2023
15;JAMBI;1572;SIMP. DEBAI - DUSUN BARU - BATAS KOTA SUNGAI PENUH - SIMP. 4. SEBUKAR;BAIK;4,1;KILOMETER;2023
15;JAMBI;1502;SIMP. MARGOYOSO - SUMBER AGUNG - AIR HITAM/SIMP. MENTAWAK;BAIK;13,406;KILOMETER;2023
15;JAMBI;1502;SIMP. PULAU. RENGAS -  MUARA SIAU;BAIK;22,79;KILOMETER;2023
15;JAMBI;1502;MUARA SIAU - DUSUN TUO ;BAIK;16,2;KILOMETER;2023
15;JAMBI;1502;DUSUN TUO - JANGKAT ;BAIK;49,8;KILOMETER;2023
15;JAMBI;1502;SIMPANG MASURAI - KOTO TAPUS;BAIK;5,025;KILOMETER;2023
15;JAMBI;1503;SIMP. PELAWAN - SEI. SALAK ;BAIK;15,4;KILOMETER;2023
15;JAMBI;1503;SEI. SALAK - PEKAN GEDANG/ BATANG ASAI;BAIK;7,2;KILOMETER;2023
15;JAMBI;1503;PEKAN GEDANG/BATANG ASAI - MA. TALANG - JANGKAT   ;BAIK;3,8;KILOMETER;2023
15;JAMBI;1503;SIMP. PAUH - AIR HITAM/SIMP. MENTAWAK;BAIK;6,65;KILOMETER;2023
15;JAMBI;1571;JLN. RADEN MATTAHER;BAIK;0;KILOMETER;2023
15;JAMBI;1571;JLN. RANGKAYO HITAM - JL. ABDUL KARTAWIRANA - JL. RANGKAYO PINGAI - JL. SENTOT ALIBASA;BAIK;0,942;KILOMETER;2023
15;JAMBI;1571;JLN. DR. SETIA BUDI - JLN. KH. HASIM ASHARI - JLN. PANGERAN DIPONEGORO;BAIK;0,516;KILOMETER;2023
15;JAMBI;1571;JLN. GAJAH MADA - JLN. HAYAM WURUK;BAIK;1;KILOMETER;2023
15;JAMBI;1571;JLN.KOL. POLISI M. TAHER - JLN. GR. DJAMIN DT. BAGINDO - JLN. KOL. POL.AHMAD BASTARI - JLN. BRIGJEND.KATAMSO;BAIK;0,8;KILOMETER;2023
15;JAMBI;1571;JLN. HOS COKRO AMINOTO;BAIK;1,4;KILOMETER;2023
15;JAMBI;1571;JLN. SLAMET RIYADI - JLN. URIP SUMOHARJO;BAIK;3,017;KILOMETER;2023
15;JAMBI;1571;JLN. PROF.DR.SRI SOEDEWI, MS - JLN. YUSUF SINGEDEKANE - JLN. H.A.MANAP - JL. ARIEF RAHMAN HAKIM;BAIK;1,6;KILOMETER;2023
15;JAMBI;1571;JLN. JEND.A. YANI - JLN. JEND.MT. HARYONO - JLN. MAYJEND SUTOYO;BAIK;1;KILOMETER;2023
15;JAMBI;1571;JLN. ADE IRMA SURYANI - JLN. DR.SIWABESI - JLN. KH. ABDUL MALIK JAMBI;BAIK;1,2;KILOMETER;2023
15;JAMBI;1571;JLN. JEND. BASUKI RAHMAT - JLN. H. AGUS SALIM - JLN. H. ADAM MALIK;BAIK;3,806;KILOMETER;2023
15;JAMBI;1571;JLN.ABDUL RAHMAN SALEH;BAIK;2,101;KILOMETER;2023
15;JAMBI;1571;JLN. KAPTEN PATTIMURA - JLN. KAPTEN BAKARUDDIN;BAIK;3,9;KILOMETER;2023
15;JAMBI;1571;JLN. KOL. ABUNJANI - JLN. SUMANTRI BROJONEGORO;BAIK;0;KILOMETER;2023
15;JAMBI;1571;JLN. SUKARNO HATTA;BAIK;1,932;KILOMETER;2023
15;JAMBI;1571;JLN. BANDARA SULTAN THAHA SYAIFUDDIN - LINGKAR TIMUR;BAIK;1,4;KILOMETER;2023
15;JAMBI;1571;JLN.HJ. NURIJAH/JALAN JEPANG - JALAN LINGKAR UTARA KOTA JAMBI;BAIK;3,7;KILOMETER;2023
15;JAMBI;1506;SEI. SAREN 0 TELUK NILAU 0 PARIT 10/ SENYERANG;SEDANG;1,04;KILOMETER;2023
15;JAMBI;1506;PARIT 10 / SENYERANG 0 MEKAR JATI 0 BTS. RIAU;SEDANG;4,403;KILOMETER;2023
15;JAMBI;1507;SUAK KANDIS 0 DESA SIMPANG/BERBAK;SEDANG;10,066;KILOMETER;2023
15;JAMBI;1507;DESA SIMPANG/BERBAK - SIMP. JEMBATAN MUARA SABAK;SEDANG;14,369;KILOMETER;2023
15;JAMBI;1507;SP. LAGAN - SP. PELABI/ ZONA V;SEDANG;10,2;KILOMETER;2023
15;JAMBI;1505;SIMPANG TALANG PUDAK - SUAK KANDIS;SEDANG;15,68;KILOMETER;2023
15;JAMBI;1505;SUNGAI DUREN - SUNGAI BULUH;SEDANG;13,25;KILOMETER;2023
15;JAMBI;1505;TEMPINO - BTS. KAB. MA. JAMBI/BTS. BATANGHARI;SEDANG;3;KILOMETER;2023
15;JAMBI;1505;SIMP. AHOK (KOTA JAMBI) - SIMP. PASAR BUPER - BUMI PERKEMAHAN PRAMUKA;SEDANG;3,658;KILOMETER;2023
15;JAMBI;1505;SIMP. SUKA MAKMUR/SUNGAI BAHAR - DESA NYOGAN - SIMP. SUKA DAMAI ;SEDANG;5,85;KILOMETER;2023
15;JAMBI;1509;MUARA TEBO - SIMP. LOGPON;SEDANG;5,75;KILOMETER;2023
15;JAMBI;1509;SIMP. LOGPON - TANJUNG/BTS. SUMBAR;SEDANG;12,1;KILOMETER;2023
15;JAMBI;1509;SIMP. SAWMIL - SIMP. LOGPON ;SEDANG;7,796;KILOMETER;2023
15;JAMBI;1509;SIMP. SUKA MAKMUR/SUNGAI BAHAR - DESA NYOGAN - SIMP. SUKA DAMAI ;SEDANG;3;KILOMETER;2023
15;JAMBI;1508;MA. BUNGO - PENINJAUAN - JUNCTION;SEDANG;20,43;KILOMETER;2023
15;JAMBI;1508;PENINJAUAN - LBK MENGKUANG - TKA ( BTS. SUMBAR );SEDANG;10,15;KILOMETER;2023
15;JAMBI;1508;JALAN LINGKAR MUARA BUNGO (SEI. MENGKUANG - SIMP. SEI. BULUH - SIMP. TANJUNG MENANTI - SIMP. TERMINAL/PTP - SEI. BINJAI);SEDANG;11,95;KILOMETER;2023
15;JAMBI;1508;BTS. KAB. TEBO/BTS. KAB. BUNGO - KUAMANG KUNING - SIMP. KUAMANG (MERANGIN);SEDANG;11,4;KILOMETER;2023
15;JAMBI;1504;BTS. KAB. MA. JAMBI/KAB. BATANGHARI - BTS. KOTA MUARA BULIAN;SEDANG;0,8;KILOMETER;2023
15;JAMBI;1504;JL. SUDIRMAN (MA.BULIAN);SEDANG;0,4;KILOMETER;2023
15;JAMBI;1504;SIMP. PENEROKAN - SIMP. SUKA MAKMUR/SUNGAI BAHAR;SEDANG;3,6;KILOMETER;2023
15;JAMBI;1501;SANGGARAN AGUNG - JUJUN;SEDANG;2,6;KILOMETER;2023
15;JAMBI;1501;JUJUN - LEMPUR;SEDANG;0,4;KILOMETER;2023
15;JAMBI;1501;JUJUN - BTS. KAB. KERINCI/BTS. KOTA SUNGAI PENUH;SEDANG;0,6;KILOMETER;2023
15;JAMBI;1501;KELOK SAGO - SANGGARAN AGUNG;SEDANG;0;KILOMETER;2023
15;JAMBI;1501;JALAN SEKUNGKUNG - BTS. KAB. KERINCI/ BTS. SUNGAI PENUH  BATU KURIK;SEDANG;1,364;KILOMETER;2023
15;JAMBI;1572;JALAN DEPATI PARBO (SUNGAI PENUH);SEDANG;0;KILOMETER;2023
15;JAMBI;1572;SIMP. DEBAI - DUSUN BARU - BATAS KOTA SUNGAI PENUH - SIMP. 4. SEBUKAR;SEDANG;0;KILOMETER;2023
15;JAMBI;1502;SIMP. MARGOYOSO - SUMBER AGUNG - AIR HITAM/SIMP. MENTAWAK;SEDANG;16,894;KILOMETER;2023
15;JAMBI;1502;SIMP. PULAU. RENGAS -  MUARA SIAU;SEDANG;8,6;KILOMETER;2023
15;JAMBI;1502;MUARA SIAU - DUSUN TUO ;SEDANG;10,18;KILOMETER;2023
15;JAMBI;1502;DUSUN TUO - JANGKAT ;SEDANG;22,848;KILOMETER;2023
15;JAMBI;1502;SIMPANG MASURAI - KOTO TAPUS;SEDANG;6;KILOMETER;2023
15;JAMBI;1503;SIMP. PELAWAN - SEI. SALAK ;SEDANG;15,6;KILOMETER;2023
15;JAMBI;1503;SEI. SALAK - PEKAN GEDANG/ BATANG ASAI;SEDANG;13,4;KILOMETER;2023
15;JAMBI;1503;PEKAN GEDANG/BATANG ASAI - MA. TALANG - JANGKAT   ;SEDANG;26,7;KILOMETER;2023
15;JAMBI;1503;SIMP. PAUH - AIR HITAM/SIMP. MENTAWAK;SEDANG;15,23;KILOMETER;2023
15;JAMBI;1571;JLN. RADEN MATTAHER;SEDANG;1,038;KILOMETER;2023
15;JAMBI;1571;JLN. RANGKAYO HITAM - JL. ABDUL KARTAWIRANA - JL. RANGKAYO PINGAI - JL. SENTOT ALIBASA;SEDANG;2,4;KILOMETER;2023
15;JAMBI;1571;JLN. DR. SETIA BUDI - JLN. KH. HASIM ASHARI - JLN. PANGERAN DIPONEGORO;SEDANG;1,8;KILOMETER;2023
15;JAMBI;1571;JLN. GAJAH MADA - JLN. HAYAM WURUK;SEDANG;2,123;KILOMETER;2023
15;JAMBI;1571;JLN.KOL. POLISI M. TAHER - JLN. GR. DJAMIN DT. BAGINDO - JLN. KOL. POL.AHMAD BASTARI - JLN. BRIGJEND.KATAMSO;SEDANG;3;KILOMETER;2023
15;JAMBI;1571;JLN. HOS COKRO AMINOTO;SEDANG;0,248;KILOMETER;2023
15;JAMBI;1571;JLN. SLAMET RIYADI - JLN. URIP SUMOHARJO;SEDANG;0,2;KILOMETER;2023
15;JAMBI;1571;JLN. PROF.DR.SRI SOEDEWI, MS - JLN. YUSUF SINGEDEKANE - JLN. H.A.MANAP - JL. ARIEF RAHMAN HAKIM;SEDANG;1,85;KILOMETER;2023
15;JAMBI;1571;JLN. JEND.A. YANI - JLN. JEND.MT. HARYONO - JLN. MAYJEND SUTOYO;SEDANG;0,58;KILOMETER;2023
15;JAMBI;1571;JLN. ADE IRMA SURYANI - JLN. DR.SIWABESI - JLN. KH. ABDUL MALIK JAMBI;SEDANG;2,221;KILOMETER;2023
15;JAMBI;1571;JLN. JEND. BASUKI RAHMAT - JLN. H. AGUS SALIM - JLN. H. ADAM MALIK;SEDANG;0;KILOMETER;2023
15;JAMBI;1571;JLN.ABDUL RAHMAN SALEH;SEDANG;0;KILOMETER;2023
15;JAMBI;1571;JLN. KAPTEN PATTIMURA - JLN. KAPTEN BAKARUDDIN;SEDANG;1,2;KILOMETER;2023
15;JAMBI;1571;JLN. KOL. ABUNJANI - JLN. SUMANTRI BROJONEGORO;SEDANG;2,5;KILOMETER;2023
15;JAMBI;1571;JLN. SUKARNO HATTA;SEDANG;0;KILOMETER;2023
15;JAMBI;1571;JLN. BANDARA SULTAN THAHA SYAIFUDDIN - LINGKAR TIMUR;SEDANG;0;KILOMETER;2023
15;JAMBI;1571;JLN.HJ. NURIJAH/JALAN JEPANG - JALAN LINGKAR UTARA KOTA JAMBI;SEDANG;0;KILOMETER;2023
15;JAMBI;1506;SEI. SAREN 0 TELUK NILAU 0 PARIT 10/ SENYERANG;RUSAK RINGAN;1,04;KILOMETER;2023
15;JAMBI;1506;PARIT 10 / SENYERANG 0 MEKAR JATI 0 BTS. RIAU;RUSAK RINGAN;1,28;KILOMETER;2023
15;JAMBI;1507;SUAK KANDIS 0 DESA SIMPANG/BERBAK;RUSAK RINGAN;5,6;KILOMETER;2023
15;JAMBI;1507;DESA SIMPANG/BERBAK - SIMP. JEMBATAN MUARA SABAK;RUSAK RINGAN;11,201;KILOMETER;2023
15;JAMBI;1507;SP. LAGAN - SP. PELABI/ ZONA V;RUSAK RINGAN;4,4;KILOMETER;2023
15;JAMBI;1505;SIMPANG TALANG PUDAK - SUAK KANDIS;RUSAK RINGAN;24,2;KILOMETER;2023
15;JAMBI;1505;SUNGAI DUREN - SUNGAI BULUH;RUSAK RINGAN;1,2;KILOMETER;2023
15;JAMBI;1505;TEMPINO - BTS. KAB. MA. JAMBI/BTS. BATANGHARI;RUSAK RINGAN;2,874;KILOMETER;2023
15;JAMBI;1505;SIMP. AHOK (KOTA JAMBI) - SIMP. PASAR BUPER - BUMI PERKEMAHAN PRAMUKA;RUSAK RINGAN;3,8;KILOMETER;2023
15;JAMBI;1505;SIMP. SUKA MAKMUR/SUNGAI BAHAR - DESA NYOGAN - SIMP. SUKA DAMAI ;RUSAK RINGAN;8,6;KILOMETER;2023
15;JAMBI;1509;MUARA TEBO - SIMP. LOGPON;RUSAK RINGAN;11,2;KILOMETER;2023
15;JAMBI;1509;SIMP. LOGPON - TANJUNG/BTS. SUMBAR;RUSAK RINGAN;5,8;KILOMETER;2023
15;JAMBI;1509;SIMP. SAWMIL - SIMP. LOGPON ;RUSAK RINGAN;1;KILOMETER;2023
15;JAMBI;1509;SIMP. SUKA MAKMUR/SUNGAI BAHAR - DESA NYOGAN - SIMP. SUKA DAMAI ;RUSAK RINGAN;4;KILOMETER;2023
15;JAMBI;1508;MA. BUNGO - PENINJAUAN - JUNCTION;RUSAK RINGAN;5,8;KILOMETER;2023
15;JAMBI;1508;PENINJAUAN - LBK MENGKUANG - TKA ( BTS. SUMBAR );RUSAK RINGAN;3,64;KILOMETER;2023
15;JAMBI;1508;JALAN LINGKAR MUARA BUNGO (SEI. MENGKUANG - SIMP. SEI. BULUH - SIMP. TANJUNG MENANTI - SIMP. TERMINAL/PTP - SEI. BINJAI);RUSAK RINGAN;1;KILOMETER;2023
15;JAMBI;1508;BTS. KAB. TEBO/BTS. KAB. BUNGO - KUAMANG KUNING - SIMP. KUAMANG (MERANGIN);RUSAK RINGAN;16,67;KILOMETER;2023
15;JAMBI;1504;BTS. KAB. MA. JAMBI/KAB. BATANGHARI - BTS. KOTA MUARA BULIAN;RUSAK RINGAN;1,602;KILOMETER;2023
15;JAMBI;1504;JL. SUDIRMAN (MA.BULIAN);RUSAK RINGAN;1,434;KILOMETER;2023
15;JAMBI;1504;SIMP. PENEROKAN - SIMP. SUKA MAKMUR/SUNGAI BAHAR;RUSAK RINGAN;3,9;KILOMETER;2023
15;JAMBI;1501;SANGGARAN AGUNG - JUJUN;RUSAK RINGAN;0,16;KILOMETER;2023
15;JAMBI;1501;JUJUN - LEMPUR;RUSAK RINGAN;0,202;KILOMETER;2023
15;JAMBI;1501;JUJUN - BTS. KAB. KERINCI/BTS. KOTA SUNGAI PENUH;RUSAK RINGAN;0,2;KILOMETER;2023
15;JAMBI;1501;KELOK SAGO - SANGGARAN AGUNG;RUSAK RINGAN;16,478;KILOMETER;2023
15;JAMBI;1501;JALAN SEKUNGKUNG - BTS. KAB. KERINCI/ BTS. SUNGAI PENUH  BATU KURIK;RUSAK RINGAN;0;KILOMETER;2023
15;JAMBI;1572;JALAN DEPATI PARBO (SUNGAI PENUH);RUSAK RINGAN;0;KILOMETER;2023
15;JAMBI;1572;SIMP. DEBAI - DUSUN BARU - BATAS KOTA SUNGAI PENUH - SIMP. 4. SEBUKAR;RUSAK RINGAN;0,2;KILOMETER;2023
15;JAMBI;1502;SIMP. MARGOYOSO - SUMBER AGUNG - AIR HITAM/SIMP. MENTAWAK;RUSAK RINGAN;15;KILOMETER;2023
15;JAMBI;1502;SIMP. PULAU. RENGAS -  MUARA SIAU;RUSAK RINGAN;3,403;KILOMETER;2023
15;JAMBI;1502;MUARA SIAU - DUSUN TUO ;RUSAK RINGAN;5,802;KILOMETER;2023
15;JAMBI;1502;DUSUN TUO - JANGKAT ;RUSAK RINGAN;2;KILOMETER;2023
15;JAMBI;1502;SIMPANG MASURAI - KOTO TAPUS;RUSAK RINGAN;10,825;KILOMETER;2023
15;JAMBI;1503;SIMP. PELAWAN - SEI. SALAK ;RUSAK RINGAN;14,8;KILOMETER;2023
15;JAMBI;1503;SEI. SALAK - PEKAN GEDANG/ BATANG ASAI;RUSAK RINGAN;7,8;KILOMETER;2023
15;JAMBI;1503;PEKAN GEDANG/BATANG ASAI - MA. TALANG - JANGKAT   ;RUSAK RINGAN;7,6;KILOMETER;2023
15;JAMBI;1503;SIMP. PAUH - AIR HITAM/SIMP. MENTAWAK;RUSAK RINGAN;13,4;KILOMETER;2023
15;JAMBI;1571;JLN. RADEN MATTAHER;RUSAK RINGAN;0;KILOMETER;2023
15;JAMBI;1571;JLN. RANGKAYO HITAM - JL. ABDUL KARTAWIRANA - JL. RANGKAYO PINGAI - JL. SENTOT ALIBASA;RUSAK RINGAN;0,8;KILOMETER;2023
15;JAMBI;1571;JLN. DR. SETIA BUDI - JLN. KH. HASIM ASHARI - JLN. PANGERAN DIPONEGORO;RUSAK RINGAN;0,2;KILOMETER;2023
15;JAMBI;1571;JLN. GAJAH MADA - JLN. HAYAM WURUK;RUSAK RINGAN;0;KILOMETER;2023
15;JAMBI;1571;JLN.KOL. POLISI M. TAHER - JLN. GR. DJAMIN DT. BAGINDO - JLN. KOL. POL.AHMAD BASTARI - JLN. BRIGJEND.KATAMSO;RUSAK RINGAN;0,2;KILOMETER;2023
15;JAMBI;1571;JLN. HOS COKRO AMINOTO;RUSAK RINGAN;0;KILOMETER;2023
15;JAMBI;1571;JLN. SLAMET RIYADI - JLN. URIP SUMOHARJO;RUSAK RINGAN;0;KILOMETER;2023
15;JAMBI;1571;JLN. PROF.DR.SRI SOEDEWI, MS - JLN. YUSUF SINGEDEKANE - JLN. H.A.MANAP - JL. ARIEF RAHMAN HAKIM;RUSAK RINGAN;0,2;KILOMETER;2023
15;JAMBI;1571;JLN. JEND.A. YANI - JLN. JEND.MT. HARYONO - JLN. MAYJEND SUTOYO;RUSAK RINGAN;0;KILOMETER;2023
15;JAMBI;1571;JLN. ADE IRMA SURYANI - JLN. DR.SIWABESI - JLN. KH. ABDUL MALIK JAMBI;RUSAK RINGAN;1,2;KILOMETER;2023
15;JAMBI;1571;JLN. JEND. BASUKI RAHMAT - JLN. H. AGUS SALIM - JLN. H. ADAM MALIK;RUSAK RINGAN;0;KILOMETER;2023
15;JAMBI;1571;JLN.ABDUL RAHMAN SALEH;RUSAK RINGAN;0;KILOMETER;2023
15;JAMBI;1571;JLN. KAPTEN PATTIMURA - JLN. KAPTEN BAKARUDDIN;RUSAK RINGAN;0;KILOMETER;2023
15;JAMBI;1571;JLN. KOL. ABUNJANI - JLN. SUMANTRI BROJONEGORO;RUSAK RINGAN;0;KILOMETER;2023
15;JAMBI;1571;JLN. SUKARNO HATTA;RUSAK RINGAN;0;KILOMETER;2023
15;JAMBI;1571;JLN. BANDARA SULTAN THAHA SYAIFUDDIN - LINGKAR TIMUR;RUSAK RINGAN;0;KILOMETER;2023
15;JAMBI;1571;JLN.HJ. NURIJAH/JALAN JEPANG - JALAN LINGKAR UTARA KOTA JAMBI;RUSAK RINGAN;0;KILOMETER;2023
15;JAMBI;1506;SEI. SAREN 0 TELUK NILAU 0 PARIT 10/ SENYERANG;RUSAK BERAT;0,26;KILOMETER;2023
15;JAMBI;1506;PARIT 10 / SENYERANG 0 MEKAR JATI 0 BTS. RIAU;RUSAK BERAT;0,4;KILOMETER;2023
15;JAMBI;1507;SUAK KANDIS 0 DESA SIMPANG/BERBAK;RUSAK BERAT;3,4;KILOMETER;2023
15;JAMBI;1507;DESA SIMPANG/BERBAK - SIMP. JEMBATAN MUARA SABAK;RUSAK BERAT;6;KILOMETER;2023
15;JAMBI;1507;SP. LAGAN - SP. PELABI/ ZONA V;RUSAK BERAT;0,4;KILOMETER;2023
15;JAMBI;1505;SIMPANG TALANG PUDAK - SUAK KANDIS;RUSAK BERAT;9,22;KILOMETER;2023
15;JAMBI;1505;SUNGAI DUREN - SUNGAI BULUH;RUSAK BERAT;0,2;KILOMETER;2023
15;JAMBI;1505;TEMPINO - BTS. KAB. MA. JAMBI/BTS. BATANGHARI;RUSAK BERAT;0,4;KILOMETER;2023
15;JAMBI;1505;SIMP. AHOK (KOTA JAMBI) - SIMP. PASAR BUPER - BUMI PERKEMAHAN PRAMUKA;RUSAK BERAT;1,8;KILOMETER;2023
15;JAMBI;1505;SIMP. SUKA MAKMUR/SUNGAI BAHAR - DESA NYOGAN - SIMP. SUKA DAMAI ;RUSAK BERAT;8,51;KILOMETER;2023
15;JAMBI;1509;MUARA TEBO - SIMP. LOGPON;RUSAK BERAT;6;KILOMETER;2023
15;JAMBI;1509;SIMP. LOGPON - TANJUNG/BTS. SUMBAR;RUSAK BERAT;1,4;KILOMETER;2023
15;JAMBI;1509;SIMP. SAWMIL - SIMP. LOGPON ;RUSAK BERAT;0;KILOMETER;2023
15;JAMBI;1509;SIMP. SUKA MAKMUR/SUNGAI BAHAR - DESA NYOGAN - SIMP. SUKA DAMAI ;RUSAK BERAT;15,8;KILOMETER;2023
15;JAMBI;1508;MA. BUNGO - PENINJAUAN - JUNCTION;RUSAK BERAT;0,4;KILOMETER;2023
15;JAMBI;1508;PENINJAUAN - LBK MENGKUANG - TKA ( BTS. SUMBAR );RUSAK BERAT;0,4;KILOMETER;2023
15;JAMBI;1508; JALAN LINGKAR MUARA BUNGO (SEI. MENGKUANG - SIMP. SEI. BULUH - SIMP. TANJUNG MENANTI - SIMP. TERMINAL/PTP - SEI. BINJAI);RUSAK BERAT;0,4;KILOMETER;2023
15;JAMBI;1508;BTS. KAB. TEBO/BTS. KAB. BUNGO - KUAMANG KUNING - SIMP. KUAMANG (MERANGIN);RUSAK BERAT;11;KILOMETER;2023
15;JAMBI;1504;BTS. KAB. MA. JAMBI/KAB. BATANGHARI - BTS. KOTA MUARA BULIAN;RUSAK BERAT;0;KILOMETER;2023
15;JAMBI;1504;JL. SUDIRMAN (MA.BULIAN);RUSAK BERAT;0,2;KILOMETER;2023
15;JAMBI;1504;SIMP. PENEROKAN - SIMP. SUKA MAKMUR/SUNGAI BAHAR;RUSAK BERAT;0,8;KILOMETER;2023
15;JAMBI;1501;SANGGARAN AGUNG - JUJUN;RUSAK BERAT;0,4;KILOMETER;2023
15;JAMBI;1501;JUJUN - LEMPUR;RUSAK BERAT;0;KILOMETER;2023
15;JAMBI;1501;JUJUN - BTS. KAB. KERINCI/BTS. KOTA SUNGAI PENUH;RUSAK BERAT;0;KILOMETER;2023
15;JAMBI;1501;KELOK SAGO - SANGGARAN AGUNG;RUSAK BERAT;0;KILOMETER;2023
15;JAMBI;1501;JALAN SEKUNGKUNG - BTS. KAB. KERINCI/ BTS. SUNGAI PENUH  BATU KURIK;RUSAK BERAT;0;KILOMETER;2023
15;JAMBI;1572;JALAN DEPATI PARBO (SUNGAI PENUH);RUSAK BERAT;0;KILOMETER;2023
15;JAMBI;1572;SIMP. DEBAI - DUSUN BARU - BATAS KOTA SUNGAI PENUH - SIMP. 4. SEBUKAR;RUSAK BERAT;0;KILOMETER;2023
15;JAMBI;1502;SIMP. MARGOYOSO - SUMBER AGUNG - AIR HITAM/SIMP. MENTAWAK;RUSAK BERAT;6,8;KILOMETER;2023
15;JAMBI;1502;SIMP. PULAU. RENGAS -  MUARA SIAU;RUSAK BERAT;0,8;KILOMETER;2023
15;JAMBI;1502;MUARA SIAU - DUSUN TUO ;RUSAK BERAT;2,2;KILOMETER;2023
15;JAMBI;1502;DUSUN TUO - JANGKAT ;RUSAK BERAT;0,202;KILOMETER;2023
15;JAMBI;1502;SIMPANG MASURAI - KOTO TAPUS;RUSAK BERAT;1,35;KILOMETER;2023
15;JAMBI;1503;SIMP. PELAWAN - SEI. SALAK ;RUSAK BERAT;13,7;KILOMETER;2023
15;JAMBI;1503;SEI. SALAK - PEKAN GEDANG/ BATANG ASAI;RUSAK BERAT;3,2;KILOMETER;2023
15;JAMBI;1503;PEKAN GEDANG/BATANG ASAI - MA. TALANG - JANGKAT   ;RUSAK BERAT;7,8;KILOMETER;2023
15;JAMBI;1503;SIMP. PAUH - AIR HITAM/SIMP. MENTAWAK;RUSAK BERAT;2,2;KILOMETER;2023
15;JAMBI;1571;JLN. RADEN MATTAHER;RUSAK BERAT;0;KILOMETER;2023
15;JAMBI;1571;JLN. RANGKAYO HITAM - JL. ABDUL KARTAWIRANA - JL. RANGKAYO PINGAI - JL. SENTOT ALIBASA;RUSAK BERAT;0;KILOMETER;2023
15;JAMBI;1571;JLN. DR. SETIA BUDI - JLN. KH. HASIM ASHARI - JLN. PANGERAN DIPONEGORO;RUSAK BERAT;0;KILOMETER;2023
15;JAMBI;1571;JLN. GAJAH MADA - JLN. HAYAM WURUK;RUSAK BERAT;0;KILOMETER;2023
15;JAMBI;1571;JLN.KOL. POLISI M. TAHER - JLN. GR. DJAMIN DT. BAGINDO - JLN. KOL. POL.AHMAD BASTARI - JLN. BRIGJEND.KATAMSO;RUSAK BERAT;0,069;KILOMETER;2023
15;JAMBI;1571;JLN. HOS COKRO AMINOTO;RUSAK BERAT;0;KILOMETER;2023
15;JAMBI;1571;JLN. SLAMET RIYADI - JLN. URIP SUMOHARJO;RUSAK BERAT;0;KILOMETER;2023
15;JAMBI;1571;JLN. PROF.DR.SRI SOEDEWI, MS - JLN. YUSUF SINGEDEKANE - JLN. H.A.MANAP - JL. ARIEF RAHMAN HAKIM;RUSAK BERAT;0;KILOMETER;2023
15;JAMBI;1571;JLN. JEND.A. YANI - JLN. JEND.MT. HARYONO - JLN. MAYJEND SUTOYO;RUSAK BERAT;0;KILOMETER;2023
15;JAMBI;1571;JLN. ADE IRMA SURYANI - JLN. DR.SIWABESI - JLN. KH. ABDUL MALIK JAMBI;RUSAK BERAT;0,2;KILOMETER;2023
15;JAMBI;1571;JLN. JEND. BASUKI RAHMAT - JLN. H. AGUS SALIM - JLN. H. ADAM MALIK;RUSAK BERAT;0;KILOMETER;2023
15;JAMBI;1571;JLN.ABDUL RAHMAN SALEH;RUSAK BERAT;0;KILOMETER;2023
15;JAMBI;1571;JLN. KAPTEN PATTIMURA - JLN. KAPTEN BAKARUDDIN;RUSAK BERAT;0;KILOMETER;2023
15;JAMBI;1571;JLN. KOL. ABUNJANI - JLN. SUMANTRI BROJONEGORO;RUSAK BERAT;0;KILOMETER;2023
15;JAMBI;1571;JLN. SUKARNO HATTA;RUSAK BERAT;0;KILOMETER;2023
15;JAMBI;1571;JLN. BANDARA SULTAN THAHA SYAIFUDDIN - LINGKAR TIMUR;RUSAK BERAT;0;KILOMETER;2023
15;JAMBI;1571;JLN.HJ. NURIJAH/JALAN JEPANG - JALAN LINGKAR UTARA KOTA JAMBI;RUSAK BERAT;4,412;KILOMETER;2023
15;JAMBI;1506;SEI. SAREN TELUK NILAU PARIT 10/ SENYERANG;BAIK;29,4;KILOMETER;2024
15;JAMBI;1506;PARIT 10 / SENYERANG MEKAR JATI BTS. RIAU;BAIK;0;KILOMETER;2024
15;JAMBI;1507;SUAK KANDIS DESA SIMPANG/BERBAK;BAIK;0;KILOMETER;2024
15;JAMBI;1507;DESA SIMPANG/BERBAK SIMP. JEMBATAN MUARA SABAK;BAIK;15,97;KILOMETER;2024
15;JAMBI;1507;SP. LAGAN SP. PELABI/ ZONA V;BAIK;10,6;KILOMETER;2024
15;JAMBI;1505;SIMPANG TALANG PUDAK SUAK KANDIS;BAIK;60,87;KILOMETER;2024
15;JAMBI;1505;SUNGAI DUREN SUNGAI BULUH;BAIK;29,85;KILOMETER;2024
15;JAMBI;1505;SIMP. AHOK (KOTA JAMBI) SIMP. PASAR BUPER BUMI PERKEMAHAN PRAMUKA;BAIK;17,858;KILOMETER;2024
15;JAMBI;1505;SIMP. SUKA MAKMUR/SUNGAI BAHAR DESA NYOGAN SIMP. SUKA DAMAI ;BAIK;18,2;KILOMETER;2024
15;JAMBI;1509;MUARA TEBO SIMP. LOGPON;BAIK;33,26;KILOMETER;2024
15;JAMBI;1509;SIMP. LOGPON TANJUNG/BTS. SUMBAR;BAIK;33,7;KILOMETER;2024
15;JAMBI;1509;SIMP. SAWMIL SIMP. LOGPON ;BAIK;24,076;KILOMETER;2024
15;JAMBI;1509;SIMP. BETUNG BEDARAH SIMP. PINTAS BTS. KAB. TEBO/ BTS. KAB. BUNGO;BAIK;7,4;KILOMETER;2024
15;JAMBI;1508;MA. BUNGO PENINJAUAN JUNCTION;BAIK;26;KILOMETER;2024
15;JAMBI;1508;PENINJAUAN LBK MENGKUANG TKA ( BTS. SUMBAR );BAIK;16;KILOMETER;2024
15;JAMBI;1508;JALAN LINGKAR MUARA BUNGO (SEI. MENGKUANG SIMP. SEI. BULUH SIMP. TANJUNG MENANTI SIMP. TERMINAL/PTP SEI. BINJAI);BAIK;14,2;KILOMETER;2024
15;JAMBI;1508;BTS. KAB. TEBO/BTS. KAB. BUNGO KUAMANG KUNING SIMP. KUAMANG (MERANGIN);BAIK;18,17;KILOMETER;2024
15;JAMBI;1504;TEMPINO BTS. KOTA MUARA BULIAN;BAIK;25,926;KILOMETER;2024
15;JAMBI;1504;JL. SUDIRMAN (MA.BULIAN);BAIK;3,89;KILOMETER;2024
15;JAMBI;1504; SIMP. PENEROKAN SIMP. SUKA MAKMUR/SUNGAI BAHAR;BAIK;21,4;KILOMETER;2024
15;JAMBI;1501; SANGGARAN AGUNG JUJUN;BAIK;6;KILOMETER;2024
15;JAMBI;1501;JUJUN LEMPUR;BAIK;12,8;KILOMETER;2024
15;JAMBI;1501;JUJUN BTS. KAB. KERINCI/BTS. KOTA SUNGAI PENUH;BAIK;13,945;KILOMETER;2024
15;JAMBI;1501;KELOK SAGO SANGGARAN AGUNG;BAIK;0;KILOMETER;2024
15;JAMBI;1501;JALAN SEKUNGKUNG BTS. KAB. KERINCI/ BTS. SUNGAI PENUH  BATU KURIK;BAIK;6,6;KILOMETER;2024
15;JAMBI;1572;JALAN DEPATI PARBO (SUNGAI PENUH);BAIK;4,85;KILOMETER;2024
15;JAMBI;1572;SIMP. DEBAI DUSUN BARU BATAS KOTA SUNGAI PENUH SIMP. 4. SEBUKAR;BAIK;4,3;KILOMETER;2024
15;JAMBI;1502;SIMP. MARGOYOSO SUMBER AGUNG AIR HITAM/SIMP. MENTAWAK;BAIK;17,2;KILOMETER;2024
15;JAMBI;1502;SIMP. PULAU. RENGAS  MUARA SIAU;BAIK;18,793;KILOMETER;2024
15;JAMBI;1502;MUARA SIAU DUSUN TUO ;BAIK;20,582;KILOMETER;2024
15;JAMBI;1502;DUSUN TUO JANGKAT ;BAIK;55,85;KILOMETER;2024
15;JAMBI;1502;SIMPANG MASURAI KOTO TAPUS;BAIK;1,8;KILOMETER;2024
15;JAMBI;1503;SIMP. PELAWAN SEI. SALAK ;BAIK;59,5;KILOMETER;2024
15;JAMBI;1503;SEI. SALAK PEKAN GEDANG/ BATANG ASAI.;BAIK;12,6;KILOMETER;2024
15;JAMBI;1503;PEKAN GEDANG/BATANG ASAI MA. TALANG JANGKAT                      ;BAIK;4,25;KILOMETER;2024
15;JAMBI;1503;SIMP. PAUH AIR HITAM/SIMP. MENTAWAK;BAIK;11,2;KILOMETER;2024
15;JAMBI;1571;JLN. RADEN MATTAHER;BAIK;0,838;KILOMETER;2024
15;JAMBI;1571;JL. RANGKAYO HITAM JL. ABDUL KARTAWIRANA JL. RANGKAYO PINGAI JL. SENTOT ALIBASA;BAIK;2;KILOMETER;2024
15;JAMBI;1571;JLN. DR. SETIA BUDI JLN. KH. HASIM ASHARI JLN. PANGERAN DIPONEGORO;BAIK;0,6;KILOMETER;2024
15;JAMBI;1571;JLN. GAJAH MADA JLN. HAYAM WURUK;BAIK;2,4;KILOMETER;2024
15;JAMBI;1571;JLN.KOL. POLISI M. TAHER JLN. GR. DJAMIN DT. BAGINDO JLN. KOL. POL.AHMAD BASTARI JLN. BRIGJEND.KATAMSO;BAIK;2,6;KILOMETER;2024
15;JAMBI;1571;JLN. HOS COKRO AMINOTO;BAIK;1,648;KILOMETER;2024
15;JAMBI;1571;JLN. SLAMET RIYADI JLN. URIP SUMOHARJO;BAIK;3,217;KILOMETER;2024
15;JAMBI;1571;JLN. PROF.DR.SRI SOEDEWI, MS JLN. YUSUF SINGEDEKANE JLN. H.A.MANAP JL. ARIEF RAHMAN HAKIM;BAIK;2,6;KILOMETER;2024
15;JAMBI;1571;JLN. JEND.A. YANI JLN. JEND.MT. HARYONO JLN. MAYJEND SUTOYO;BAIK;1,58;KILOMETER;2024
15;JAMBI;1571;JLN. ADE IRMA SURYANI JLN. DR.SIWABESI JLN. KH. ABDUL MALIK JAMBI;BAIK;3,2;KILOMETER;2024
15;JAMBI;1571;JLN. JEND. BASUKI RAHMAT JLN. H. AGUS SALIM JLN. H. ADAM MALIK;BAIK;3,606;KILOMETER;2024
15;JAMBI;1571;JLN.ABDUL RAHMAN SALEH;BAIK;2,101;KILOMETER;2024
15;JAMBI;1571;JLN. KAPTEN PATTIMURA JLN. KAPTEN BAKARUDDIN;BAIK;5,1;KILOMETER;2024
15;JAMBI;1571;JLN. KOL. ABUNJANI JLN. SUMANTRI BROJONEGORO;BAIK;2,5;KILOMETER;2024
15;JAMBI;1571;JLN. SUKARNO HATTA;BAIK;1,932;KILOMETER;2024
15;JAMBI;1571;JLN. BANDARA SULTAN THAHA SYAIFUDDIN LINGKAR TIMUR;BAIK;1,4;KILOMETER;2024
15;JAMBI;1571;JLN.HJ. NURIJAH/JALAN JEPANG JALAN LINGKAR UTARA KOTA JAMBI;BAIK;2,8;KILOMETER;2024
15;JAMBI;1506;SEI. SAREN TELUK NILAU PARIT 10/ SENYERANG;SEDANG;0;KILOMETER;2024
15;JAMBI;1506;PARIT 10 / SENYERANG MEKAR JATI BTS. RIAU;SEDANG;0;KILOMETER;2024
15;JAMBI;1507;SUAK KANDIS DESA SIMPANG/BERBAK;SEDANG;0;KILOMETER;2024
15;JAMBI;1507;DESA SIMPANG/BERBAK SIMP. JEMBATAN MUARA SABAK;SEDANG;7,4;KILOMETER;2024
15;JAMBI;1507;SP. LAGAN SP. PELABI/ ZONA V;SEDANG;11,4;KILOMETER;2024
15;JAMBI;1505;SIMPANG TALANG PUDAK SUAK KANDIS;SEDANG;5,63;KILOMETER;2024
15;JAMBI;1505;SUNGAI DUREN SUNGAI BULUH;SEDANG;1,6;KILOMETER;2024
15;JAMBI;1505;SIMP. AHOK (KOTA JAMBI) SIMP. PASAR BUPER BUMI PERKEMAHAN PRAMUKA;SEDANG;0;KILOMETER;2024
15;JAMBI;1505;SIMP. SUKA MAKMUR/SUNGAI BAHAR DESA NYOGAN SIMP. SUKA DAMAI ;SEDANG;3,6;KILOMETER;2024
15;JAMBI;1509;MUARA TEBO SIMP. LOGPON;SEDANG;12;KILOMETER;2024
15;JAMBI;1509;SIMP. LOGPON TANJUNG/BTS. SUMBAR;SEDANG;8,4;KILOMETER;2024
15;JAMBI;1509;SIMP. SAWMIL SIMP. LOGPON ;SEDANG;3,6;KILOMETER;2024
15;JAMBI;1509;SIMP. BETUNG BEDARAH SIMP. PINTAS BTS. KAB. TEBO/ BTS. KAB. BUNGO;SEDANG;1,6;KILOMETER;2024
15;JAMBI;1508;MA. BUNGO PENINJAUAN JUNCTION;SEDANG;15,36;KILOMETER;2024
15;JAMBI;1508;PENINJAUAN LBK MENGKUANG TKA ( BTS. SUMBAR );SEDANG;5,6;KILOMETER;2024
15;JAMBI;1508;JALAN LINGKAR MUARA BUNGO (SEI. MENGKUANG SIMP. SEI. BULUH SIMP. TANJUNG MENANTI SIMP. TERMINAL/PTP SEI. BINJAI);SEDANG;3,6;KILOMETER;2024
15;JAMBI;1508;BTS. KAB. TEBO/BTS. KAB. BUNGO KUAMANG KUNING SIMP. KUAMANG (MERANGIN);SEDANG;11,4;KILOMETER;2024
15;JAMBI;1504;TEMPINO BTS. KOTA MUARA BULIAN;SEDANG;3,8;KILOMETER;2024
15;JAMBI;1504;JL. SUDIRMAN (MA.BULIAN);SEDANG;2,434;KILOMETER;2024
15;JAMBI;1504; SIMP. PENEROKAN SIMP. SUKA MAKMUR/SUNGAI BAHAR;SEDANG;1,6;KILOMETER;2024
15;JAMBI;1501; SANGGARAN AGUNG JUJUN;SEDANG;2,755;KILOMETER;2024
15;JAMBI;1501;JUJUN LEMPUR;SEDANG;0,622;KILOMETER;2024
15;JAMBI;1501;JUJUN BTS. KAB. KERINCI/BTS. KOTA SUNGAI PENUH;SEDANG;0,4;KILOMETER;2024
15;JAMBI;1501;KELOK SAGO SANGGARAN AGUNG;SEDANG;0;KILOMETER;2024
15;JAMBI;1501;JALAN SEKUNGKUNG BTS. KAB. KERINCI/ BTS. SUNGAI PENUH  BATU KURIK;SEDANG;0,364;KILOMETER;2024
15;JAMBI;1572;JALAN DEPATI PARBO (SUNGAI PENUH);SEDANG;0;KILOMETER;2024
15;JAMBI;1572;SIMP. DEBAI DUSUN BARU BATAS KOTA SUNGAI PENUH SIMP. 4. SEBUKAR;SEDANG;0;KILOMETER;2024
15;JAMBI;1502;SIMP. MARGOYOSO SUMBER AGUNG AIR HITAM/SIMP. MENTAWAK;SEDANG;6,8;KILOMETER;2024
15;JAMBI;1502;SIMP. PULAU. RENGAS  MUARA SIAU;SEDANG;16,2;KILOMETER;2024
15;JAMBI;1502;MUARA SIAU DUSUN TUO ;SEDANG;12;KILOMETER;2024
15;JAMBI;1502;DUSUN TUO JANGKAT ;SEDANG;19;KILOMETER;2024
15;JAMBI;1502;SIMPANG MASURAI KOTO TAPUS;SEDANG;4;KILOMETER;2024
15;JAMBI;1503;SIMP. PELAWAN SEI. SALAK ;SEDANG;0;KILOMETER;2024
15;JAMBI;1503;SEI. SALAK PEKAN GEDANG/ BATANG ASAI.;SEDANG;7,8;KILOMETER;2024
15;JAMBI;1503;PEKAN GEDANG/BATANG ASAI MA. TALANG JANGKAT                      ;SEDANG;2,3;KILOMETER;2024
15;JAMBI;1503;SIMP. PAUH AIR HITAM/SIMP. MENTAWAK;SEDANG;7,6;KILOMETER;2024
15;JAMBI;1571;JLN. RADEN MATTAHER;SEDANG;0,2;KILOMETER;2024
15;JAMBI;1571;JL. RANGKAYO HITAM JL. ABDUL KARTAWIRANA JL. RANGKAYO PINGAI JL. SENTOT ALIBASA;SEDANG;1,4;KILOMETER;2024
15;JAMBI;1571;JLN. DR. SETIA BUDI JLN. KH. HASIM ASHARI JLN. PANGERAN DIPONEGORO;SEDANG;1,916;KILOMETER;2024
15;JAMBI;1571;JLN. GAJAH MADA JLN. HAYAM WURUK;SEDANG;0,723;KILOMETER;2024
15;JAMBI;1571;JLN.KOL. POLISI M. TAHER JLN. GR. DJAMIN DT. BAGINDO JLN. KOL. POL.AHMAD BASTARI JLN. BRIGJEND.KATAMSO;SEDANG;1;KILOMETER;2024
15;JAMBI;1571;JLN. HOS COKRO AMINOTO;SEDANG;0;KILOMETER;2024
15;JAMBI;1571;JLN. SLAMET RIYADI JLN. URIP SUMOHARJO;SEDANG;0;KILOMETER;2024
15;JAMBI;1571;JLN. PROF.DR.SRI SOEDEWI, MS JLN. YUSUF SINGEDEKANE JLN. H.A.MANAP JL. ARIEF RAHMAN HAKIM;SEDANG;1;KILOMETER;2024
15;JAMBI;1571;JLN. JEND.A. YANI JLN. JEND.MT. HARYONO JLN. MAYJEND SUTOYO;SEDANG;0;KILOMETER;2024
15;JAMBI;1571;JLN. ADE IRMA SURYANI JLN. DR.SIWABESI JLN. KH. ABDUL MALIK JAMBI;SEDANG;1,621;KILOMETER;2024
15;JAMBI;1571;JLN. JEND. BASUKI RAHMAT JLN. H. AGUS SALIM JLN. H. ADAM MALIK;SEDANG;0,2;KILOMETER;2024
15;JAMBI;1571;JLN.ABDUL RAHMAN SALEH;SEDANG;0;KILOMETER;2024
15;JAMBI;1571;JLN. KAPTEN PATTIMURA JLN. KAPTEN BAKARUDDIN;SEDANG;0;KILOMETER;2024
15;JAMBI;1571;JLN. KOL. ABUNJANI JLN. SUMANTRI BROJONEGORO;SEDANG;0;KILOMETER;2024
15;JAMBI;1571;JLN. SUKARNO HATTA;SEDANG;0;KILOMETER;2024
15;JAMBI;1571;JLN. BANDARA SULTAN THAHA SYAIFUDDIN LINGKAR TIMUR;SEDANG;0;KILOMETER;2024
15;JAMBI;1571;JLN.HJ. NURIJAH/JALAN JEPANG JALAN LINGKAR UTARA KOTA JAMBI;SEDANG;0,2;KILOMETER;2024
15;JAMBI;1506;SEI. SAREN TELUK NILAU PARIT 10/ SENYERANG;RUSAK RINGAN;0;KILOMETER;2024
15;JAMBI;1506;PARIT 10 / SENYERANG MEKAR JATI BTS. RIAU;RUSAK RINGAN;0;KILOMETER;2024
15;JAMBI;1507;SUAK KANDIS DESA SIMPANG/BERBAK;RUSAK RINGAN;0;KILOMETER;2024
15;JAMBI;1507;DESA SIMPANG/BERBAK SIMP. JEMBATAN MUARA SABAK;RUSAK RINGAN;4,4;KILOMETER;2024
15;JAMBI;1507;SP. LAGAN SP. PELABI/ ZONA V;RUSAK RINGAN;4,4;KILOMETER;2024
15;JAMBI;1505;SIMPANG TALANG PUDAK SUAK KANDIS;RUSAK RINGAN;1;KILOMETER;2024
15;JAMBI;1505;SUNGAI DUREN SUNGAI BULUH;RUSAK RINGAN;0,2;KILOMETER;2024
15;JAMBI;1505;SIMP. AHOK (KOTA JAMBI) SIMP. PASAR BUPER BUMI PERKEMAHAN PRAMUKA;RUSAK RINGAN;0;KILOMETER;2024
15;JAMBI;1505;SIMP. SUKA MAKMUR/SUNGAI BAHAR DESA NYOGAN SIMP. SUKA DAMAI ;RUSAK RINGAN;1,6;KILOMETER;2024
15;JAMBI;1509;MUARA TEBO SIMP. LOGPON;RUSAK RINGAN;6,2;KILOMETER;2024
15;JAMBI;1509;SIMP. LOGPON TANJUNG/BTS. SUMBAR;RUSAK RINGAN;6,6;KILOMETER;2024
15;JAMBI;1509;SIMP. SAWMIL SIMP. LOGPON ;RUSAK RINGAN;1,2;KILOMETER;2024
15;JAMBI;1509;SIMP. BETUNG BEDARAH SIMP. PINTAS BTS. KAB. TEBO/ BTS. KAB. BUNGO;RUSAK RINGAN;3,6;KILOMETER;2024
15;JAMBI;1508;MA. BUNGO PENINJAUAN JUNCTION;RUSAK RINGAN;2;KILOMETER;2024
15;JAMBI;1508;PENINJAUAN LBK MENGKUANG TKA ( BTS. SUMBAR );RUSAK RINGAN;3,2;KILOMETER;2024
15;JAMBI;1508;JALAN LINGKAR MUARA BUNGO (SEI. MENGKUANG SIMP. SEI. BULUH SIMP. TANJUNG MENANTI SIMP. TERMINAL/PTP SEI. BINJAI);RUSAK RINGAN;0,2;KILOMETER;2024
15;JAMBI;1508;BTS. KAB. TEBO/BTS. KAB. BUNGO KUAMANG KUNING SIMP. KUAMANG (MERANGIN);RUSAK RINGAN;4;KILOMETER;2024
15;JAMBI;1504;TEMPINO BTS. KOTA MUARA BULIAN;RUSAK RINGAN;2,07;KILOMETER;2024
15;JAMBI;1504;JL. SUDIRMAN (MA.BULIAN);RUSAK RINGAN;1,11;KILOMETER;2024
15;JAMBI;1504; SIMP. PENEROKAN SIMP. SUKA MAKMUR/SUNGAI BAHAR;RUSAK RINGAN;2,2;KILOMETER;2024
15;JAMBI;1501; SANGGARAN AGUNG JUJUN;RUSAK RINGAN;0;KILOMETER;2024
15;JAMBI;1501;JUJUN LEMPUR;RUSAK RINGAN;0,2;KILOMETER;2024
15;JAMBI;1501;JUJUN BTS. KAB. KERINCI/BTS. KOTA SUNGAI PENUH;RUSAK RINGAN;0,2;KILOMETER;2024
15;JAMBI;1501;KELOK SAGO SANGGARAN AGUNG;RUSAK RINGAN;0;KILOMETER;2024
15;JAMBI;1501;JALAN SEKUNGKUNG BTS. KAB. KERINCI/ BTS. SUNGAI PENUH  BATU KURIK;RUSAK RINGAN;0;KILOMETER;2024
15;JAMBI;1572;JALAN DEPATI PARBO (SUNGAI PENUH);RUSAK RINGAN;0;KILOMETER;2024
15;JAMBI;1572;SIMP. DEBAI DUSUN BARU BATAS KOTA SUNGAI PENUH SIMP. 4. SEBUKAR;RUSAK RINGAN;0;KILOMETER;2024
15;JAMBI;1502;SIMP. MARGOYOSO SUMBER AGUNG AIR HITAM/SIMP. MENTAWAK;RUSAK RINGAN;5,7;KILOMETER;2024
15;JAMBI;1502;SIMP. PULAU. RENGAS  MUARA SIAU;RUSAK RINGAN;0,2;KILOMETER;2024
15;JAMBI;1502;MUARA SIAU DUSUN TUO ;RUSAK RINGAN;1,6;KILOMETER;2024
15;JAMBI;1502;DUSUN TUO JANGKAT ;RUSAK RINGAN;0;KILOMETER;2024
15;JAMBI;1502;SIMPANG MASURAI KOTO TAPUS;RUSAK RINGAN;0;KILOMETER;2024
15;JAMBI;1503;SIMP. PELAWAN SEI. SALAK ;RUSAK RINGAN;0;KILOMETER;2024
15;JAMBI;1503;SEI. SALAK PEKAN GEDANG/ BATANG ASAI.;RUSAK RINGAN;0,2;KILOMETER;2024
15;JAMBI;1503;PEKAN GEDANG/BATANG ASAI MA. TALANG JANGKAT                      ;RUSAK RINGAN;2,15;KILOMETER;2024
15;JAMBI;1503;SIMP. PAUH AIR HITAM/SIMP. MENTAWAK;RUSAK RINGAN;9,6;KILOMETER;2024
15;JAMBI;1571;JLN. RADEN MATTAHER;RUSAK RINGAN;0;KILOMETER;2024
15;JAMBI;1571;JL. RANGKAYO HITAM JL. ABDUL KARTAWIRANA JL. RANGKAYO PINGAI JL. SENTOT ALIBASA;RUSAK RINGAN;0,742;KILOMETER;2024
15;JAMBI;1571;JLN. DR. SETIA BUDI JLN. KH. HASIM ASHARI JLN. PANGERAN DIPONEGORO;RUSAK RINGAN;0;KILOMETER;2024
15;JAMBI;1571;JLN. GAJAH MADA JLN. HAYAM WURUK;RUSAK RINGAN;0;KILOMETER;2024
15;JAMBI;1571;JLN.KOL. POLISI M. TAHER JLN. GR. DJAMIN DT. BAGINDO JLN. KOL. POL.AHMAD BASTARI JLN. BRIGJEND.KATAMSO;RUSAK RINGAN;0,2;KILOMETER;2024
15;JAMBI;1571;JLN. HOS COKRO AMINOTO;RUSAK RINGAN;0;KILOMETER;2024
15;JAMBI;1571;JLN. SLAMET RIYADI JLN. URIP SUMOHARJO;RUSAK RINGAN;0;KILOMETER;2024
15;JAMBI;1571;JLN. PROF.DR.SRI SOEDEWI, MS JLN. YUSUF SINGEDEKANE JLN. H.A.MANAP JL. ARIEF RAHMAN HAKIM;RUSAK RINGAN;0,05;KILOMETER;2024
15;JAMBI;1571;JLN. JEND.A. YANI JLN. JEND.MT. HARYONO JLN. MAYJEND SUTOYO;RUSAK RINGAN;0;KILOMETER;2024
15;JAMBI;1571;JLN. ADE IRMA SURYANI JLN. DR.SIWABESI JLN. KH. ABDUL MALIK JAMBI;RUSAK RINGAN;0;KILOMETER;2024
15;JAMBI;1571;JLN. JEND. BASUKI RAHMAT JLN. H. AGUS SALIM JLN. H. ADAM MALIK;RUSAK RINGAN;0;KILOMETER;2024
15;JAMBI;1571;JLN.ABDUL RAHMAN SALEH;RUSAK RINGAN;0;KILOMETER;2024
15;JAMBI;1571;JLN. KAPTEN PATTIMURA JLN. KAPTEN BAKARUDDIN;RUSAK RINGAN;0;KILOMETER;2024
15;JAMBI;1571;JLN. KOL. ABUNJANI JLN. SUMANTRI BROJONEGORO;RUSAK RINGAN;0;KILOMETER;2024
15;JAMBI;1571;JLN. SUKARNO HATTA;RUSAK RINGAN;0;KILOMETER;2024
15;JAMBI;1571;JLN. BANDARA SULTAN THAHA SYAIFUDDIN LINGKAR TIMUR;RUSAK RINGAN;0;KILOMETER;2024
15;JAMBI;1571;JLN.HJ. NURIJAH/JALAN JEPANG JALAN LINGKAR UTARA KOTA JAMBI;RUSAK RINGAN;0;KILOMETER;2024
15;JAMBI;1506;SEI. SAREN TELUK NILAU PARIT 10/ SENYERANG;RUSAK BERAT;3,1;KILOMETER;2024
15;JAMBI;1506;PARIT 10 / SENYERANG MEKAR JATI BTS. RIAU;RUSAK BERAT;6,083;KILOMETER;2024
15;JAMBI;1507;SUAK KANDIS DESA SIMPANG/BERBAK;RUSAK BERAT;21,066;KILOMETER;2024
15;JAMBI;1507;DESA SIMPANG/BERBAK SIMP. JEMBATAN MUARA SABAK;RUSAK BERAT;19,2;KILOMETER;2024
15;JAMBI;1507;SP. LAGAN SP. PELABI/ ZONA V;RUSAK BERAT;7;KILOMETER;2024
15;JAMBI;1505;SIMPANG TALANG PUDAK SUAK KANDIS;RUSAK BERAT;0;KILOMETER;2024
15;JAMBI;1505;SUNGAI DUREN SUNGAI BULUH;RUSAK BERAT;0;KILOMETER;2024
15;JAMBI;1505;SIMP. AHOK (KOTA JAMBI) SIMP. PASAR BUPER BUMI PERKEMAHAN PRAMUKA;RUSAK BERAT;0;KILOMETER;2024
15;JAMBI;1505;SIMP. SUKA MAKMUR/SUNGAI BAHAR DESA NYOGAN SIMP. SUKA DAMAI ;RUSAK BERAT;8;KILOMETER;2024
15;JAMBI;1509;MUARA TEBO SIMP. LOGPON;RUSAK BERAT;2,4;KILOMETER;2024
15;JAMBI;1509;SIMP. LOGPON TANJUNG/BTS. SUMBAR;RUSAK BERAT;0;KILOMETER;2024
15;JAMBI;1509;SIMP. SAWMIL SIMP. LOGPON ;RUSAK BERAT;14,9;KILOMETER;2024
15;JAMBI;1509;SIMP. BETUNG BEDARAH SIMP. PINTAS BTS. KAB. TEBO/ BTS. KAB. BUNGO;RUSAK BERAT;1;KILOMETER;2024
15;JAMBI;1508;MA. BUNGO PENINJAUAN JUNCTION;RUSAK BERAT;0,55;KILOMETER;2024
15;JAMBI;1508;PENINJAUAN LBK MENGKUANG TKA ( BTS. SUMBAR );RUSAK BERAT;3,55;KILOMETER;2024
15;JAMBI;1508;JALAN LINGKAR MUARA BUNGO (SEI. MENGKUANG SIMP. SEI. BULUH SIMP. TANJUNG MENANTI SIMP. TERMINAL/PTP SEI. BINJAI);RUSAK BERAT;14;KILOMETER;2024
15;JAMBI;1508;BTS. KAB. TEBO/BTS. KAB. BUNGO KUAMANG KUNING SIMP. KUAMANG (MERANGIN);RUSAK BERAT;0,4;KILOMETER;2024
15;JAMBI;1504;TEMPINO BTS. KOTA MUARA BULIAN;RUSAK BERAT;0;KILOMETER;2024
15;JAMBI;1504;JL. SUDIRMAN (MA.BULIAN);RUSAK BERAT;2,9;KILOMETER;2024
15;JAMBI;1504; SIMP. PENEROKAN SIMP. SUKA MAKMUR/SUNGAI BAHAR;RUSAK BERAT;0;KILOMETER;2024
15;JAMBI;1501; SANGGARAN AGUNG JUJUN;RUSAK BERAT;0,2;KILOMETER;2024
15;JAMBI;1501;JUJUN LEMPUR;RUSAK BERAT;0,2;KILOMETER;2024
15;JAMBI;1501;JUJUN BTS. KAB. KERINCI/BTS. KOTA SUNGAI PENUH;RUSAK BERAT;19,978;KILOMETER;2024
15;JAMBI;1501;KELOK SAGO SANGGARAN AGUNG;RUSAK BERAT;0,4;KILOMETER;2024
15;JAMBI;1501;JALAN SEKUNGKUNG BTS. KAB. KERINCI/ BTS. SUNGAI PENUH  BATU KURIK;RUSAK BERAT;0;KILOMETER;2024
15;JAMBI;1572;JALAN DEPATI PARBO (SUNGAI PENUH);RUSAK BERAT;0;KILOMETER;2024
15;JAMBI;1572;SIMP. DEBAI DUSUN BARU BATAS KOTA SUNGAI PENUH SIMP. 4. SEBUKAR;RUSAK BERAT;0;KILOMETER;2024
15;JAMBI;1502;SIMP. MARGOYOSO SUMBER AGUNG AIR HITAM/SIMP. MENTAWAK;RUSAK BERAT;22,4;KILOMETER;2024
15;JAMBI;1502;SIMP. PULAU. RENGAS  MUARA SIAU;RUSAK BERAT;0,4;KILOMETER;2024
15;JAMBI;1502;MUARA SIAU DUSUN TUO ;RUSAK BERAT;0,2;KILOMETER;2024
15;JAMBI;1502;DUSUN TUO JANGKAT ;RUSAK BERAT;0;KILOMETER;2024
15;JAMBI;1502;SIMPANG MASURAI KOTO TAPUS;RUSAK BERAT;17,4;KILOMETER;2024
15;JAMBI;1503;SIMP. PELAWAN SEI. SALAK ;RUSAK BERAT;0;KILOMETER;2024
15;JAMBI;1503;SEI. SALAK PEKAN GEDANG/ BATANG ASAI.;RUSAK BERAT;11;KILOMETER;2024
15;JAMBI;1503;PEKAN GEDANG/BATANG ASAI MA. TALANG JANGKAT                      ;RUSAK BERAT;37,2;KILOMETER;2024
15;JAMBI;1503;SIMP. PAUH AIR HITAM/SIMP. MENTAWAK;RUSAK BERAT;9,08;KILOMETER;2024
15;JAMBI;1571;JLN. RADEN MATTAHER;RUSAK BERAT;0;KILOMETER;2024
15;JAMBI;1571;JL. RANGKAYO HITAM JL. ABDUL KARTAWIRANA JL. RANGKAYO PINGAI JL. SENTOT ALIBASA;RUSAK BERAT;0;KILOMETER;2024
15;JAMBI;1571;JLN. DR. SETIA BUDI JLN. KH. HASIM ASHARI JLN. PANGERAN DIPONEGORO;RUSAK BERAT;0;KILOMETER;2024
15;JAMBI;1571;JLN. GAJAH MADA JLN. HAYAM WURUK;RUSAK BERAT;0;KILOMETER;2024
15;JAMBI;1571;JLN.KOL. POLISI M. TAHER JLN. GR. DJAMIN DT. BAGINDO JLN. KOL. POL.AHMAD BASTARI JLN. BRIGJEND.KATAMSO;RUSAK BERAT;0,269;KILOMETER;2024
15;JAMBI;1571;JLN. HOS COKRO AMINOTO;RUSAK BERAT;0;KILOMETER;2024
15;JAMBI;1571;JLN. SLAMET RIYADI JLN. URIP SUMOHARJO;RUSAK BERAT;0;KILOMETER;2024
15;JAMBI;1571;JLN. PROF.DR.SRI SOEDEWI, MS JLN. YUSUF SINGEDEKANE JLN. H.A.MANAP JL. ARIEF RAHMAN HAKIM;RUSAK BERAT;0;KILOMETER;2024
15;JAMBI;1571;JLN. JEND.A. YANI JLN. JEND.MT. HARYONO JLN. MAYJEND SUTOYO;RUSAK BERAT;0;KILOMETER;2024
15;JAMBI;1571;JLN. ADE IRMA SURYANI JLN. DR.SIWABESI JLN. KH. ABDUL MALIK JAMBI;RUSAK BERAT;0;KILOMETER;2024
15;JAMBI;1571;JLN. JEND. BASUKI RAHMAT JLN. H. AGUS SALIM JLN. H. ADAM MALIK;RUSAK BERAT;0;KILOMETER;2024
15;JAMBI;1571;JLN.ABDUL RAHMAN SALEH;RUSAK BERAT;0;KILOMETER;2024
15;JAMBI;1571;JLN. KAPTEN PATTIMURA JLN. KAPTEN BAKARUDDIN;RUSAK BERAT;0;KILOMETER;2024
15;JAMBI;1571;JLN. KOL. ABUNJANI JLN. SUMANTRI BROJONEGORO;RUSAK BERAT;0;KILOMETER;2024
15;JAMBI;1571;JLN. SUKARNO HATTA;RUSAK BERAT;0;KILOMETER;2024
15;JAMBI;1571;JLN. BANDARA SULTAN THAHA SYAIFUDDIN LINGKAR TIMUR;RUSAK BERAT;0;KILOMETER;2024
15;JAMBI;1571;JLN.HJ. NURIJAH/JALAN JEPANG JALAN LINGKAR UTARA KOTA JAMBI;RUSAK BERAT;5,112;KILOMETER;2024
