id;kode_provinsi;nama_provinsi;kode_kabupaten_kota;komoditi;luas_area_tanaman_belum_menghasilkan;luas_area_tanaman_menghasilkan;luas_area_tanaman_rusak;satuan;tahun
;15;JAMBI;1501;KARET;1023;761;26;HEKTAR;2022
;15;JAMBI;1501;KELAPA SAWIT;40;44;0;HEKTAR;2022
;15;JAMBI;1501;KELAPA DALAM;0;27;10;HEKTAR;2022
;15;JAMBI;1501;KOPI ROBUSTA;1193;4614;936;HEKTAR;2022
;15;JAMBI;1501;KOPI ARABIKA;1258;1311;0;HEKTAR;2022
;15;JAMBI;1501;CASSIAVERA;28460;12480;210;HEKTAR;2022
;15;JAMBI;1501;KAKAO;72;21;15;HEKTAR;2022
;15;JAMBI;1501;PINANG;16;67;24;HEKTAR;2022
;15;JAMBI;1501;KOPI LIBERIKA;0;0;0;HEKTAR;2022
;15;JAMBI;1502;KARET;36507;82462;18706;HEKTAR;2022
;15;JAMBI;1502;KELAPA SAWIT;11700;34960;22895;HEKTAR;2022
;15;JAMBI;1502;KELAPA DALAM;207;1063;58;HEKTAR;2022
;15;JAMBI;1502;KOPI ROBUSTA;3512;8096;10;HEKTAR;2022
;15;JAMBI;1502;KOPI ARABIKA;39;17;0;HEKTAR;2022
;15;JAMBI;1502;CASSIAVERA;2179;2120;10;HEKTAR;2022
;15;JAMBI;1502;KAKAO;110;96;4;HEKTAR;2022
;15;JAMBI;1502;PINANG;169;169;5;HEKTAR;2022
;15;JAMBI;1502;KOPI LIBERIKA;0;0;0;HEKTAR;2022
;15;JAMBI;1503;KARET;32965;63352;29412;HEKTAR;2022
;15;JAMBI;1503;KELAPA SAWIT;11824;33392;4199;HEKTAR;2022
;15;JAMBI;1503;KELAPA DALAM;71;245;42;HEKTAR;2022
;15;JAMBI;1503;KOPI ROBUSTA;307;439;24;HEKTAR;2022
;15;JAMBI;1503;KOPI ARABIKA;0;0;0;HEKTAR;2022
;15;JAMBI;1503;CASSIAVERA;130;200;340;HEKTAR;2022
;15;JAMBI;1503;KAKAO;33;16;0;HEKTAR;2022
;15;JAMBI;1503;PINANG;33;89;26;HEKTAR;2022
;15;JAMBI;1503;KOPI LIBERIKA;0;0;0;HEKTAR;2022
;15;JAMBI;1504;KARET;664;67996;3805;HEKTAR;2022
;15;JAMBI;1504;KELAPA SAWIT;12159;93090;6494;HEKTAR;2022
;15;JAMBI;1504;KELAPA DALAM;10;299;4;HEKTAR;2022
;15;JAMBI;1504;KOPI ROBUSTA;0;49;45;HEKTAR;2022
;15;JAMBI;1504;KOPI ARABIKA;0;0;0;HEKTAR;2022
;15;JAMBI;1504;CASSIAVERA;0;0;0;HEKTAR;2022
;15;JAMBI;1504;KAKAO;6;30;0;HEKTAR;2022
;15;JAMBI;1504;PINANG;13;37;0;HEKTAR;2022
;15;JAMBI;1504;KOPI LIBERIKA;0;0;0;HEKTAR;2022
;15;JAMBI;1505;KARET;13675;35172;7041;HEKTAR;2022
;15;JAMBI;1505;KELAPA SAWIT;16572;90044;30066;HEKTAR;2022
;15;JAMBI;1505;KELAPA DALAM;17;610;265;HEKTAR;2022
;15;JAMBI;1505;KOPI ROBUSTA;0;49;45;HEKTAR;2022
;15;JAMBI;1505;KOPI ARABIKA;0;0;0;HEKTAR;2022
;15;JAMBI;1505;CASSIAVERA;0;0;0;HEKTAR;2022
;15;JAMBI;1505;KAKAO;158;548;150;HEKTAR;2022
;15;JAMBI;1505;PINANG;142;138;15;HEKTAR;2022
;15;JAMBI;1505;KOPI LIBERIKA;0;0;0;HEKTAR;2022
;15;JAMBI;1506;KARET;1265;5909;214;HEKTAR;2022
;15;JAMBI;1506;KELAPA SAWIT;22702;58276;6786;HEKTAR;2022
;15;JAMBI;1506;KELAPA DALAM;4408;40223;6960;HEKTAR;2022
;15;JAMBI;1506;KOPI ROBUSTA;0;0;0;HEKTAR;2022
;15;JAMBI;1506;KOPI ARABIKA;0;0;0;HEKTAR;2022
;15;JAMBI;1506;CASSIAVERA;0;0;0;HEKTAR;2022
;15;JAMBI;1506;KAKAO;7;173;76;HEKTAR;2022
;15;JAMBI;1506;PINANG;3824;9617;204;HEKTAR;2022
;15;JAMBI;1506;KOPI LIBERIKA;553;1988;320;HEKTAR;2022
;15;JAMBI;1507;KARET;1212;4708;1836;HEKTAR;2022
;15;JAMBI;1507;KELAPA SAWIT;46;31541;6312;HEKTAR;2022
;15;JAMBI;1507;KELAPA DALAM;364;50342;8206;HEKTAR;2022
;15;JAMBI;1507;KOPI ROBUSTA;0;0;0;HEKTAR;2022
;15;JAMBI;1507;KOPI ARABIKA;0;0;0;HEKTAR;2022
;15;JAMBI;1507;CASSIAVERA;0;0;0;HEKTAR;2022
;15;JAMBI;1507;KAKAO;36;324;81;HEKTAR;2022
;15;JAMBI;1507;PINANG;1151;8310;407;HEKTAR;2022
;15;JAMBI;1507;KOPI LIBERIKA;454;2279;758;HEKTAR;2022
;15;JAMBI;1508;KARET;29012;48863;13888;HEKTAR;2022
;15;JAMBI;1508;KELAPA SAWIT;26156;30119;14920;HEKTAR;2022
;15;JAMBI;1508;KELAPA DALAM;92;619;56;HEKTAR;2022
;15;JAMBI;1508;KOPI ROBUSTA;308;517;106;HEKTAR;2022
;15;JAMBI;1508;KOPI ARABIKA;0;0;0;HEKTAR;2022
;15;JAMBI;1508;CASSIAVERA;3;19;0;HEKTAR;2022
;15;JAMBI;1508;KAKAO;29;60;8;HEKTAR;2022
;15;JAMBI;1508;PINANG;58;81;15;HEKTAR;2022
;15;JAMBI;1508;KOPI LIBERIKA;0;0;0;HEKTAR;2022
;15;JAMBI;1509;KARET;33134;63026;17859;HEKTAR;2022
;15;JAMBI;1509;KELAPA SAWIT;15305;42511;10795;HEKTAR;2022
;15;JAMBI;1509;KELAPA DALAM;147;634;307;HEKTAR;2022
;15;JAMBI;1509;KOPI ROBUSTA;81;86;124;HEKTAR;2022
;15;JAMBI;1509;KOPI ARABIKA;0;0;0;HEKTAR;2022
;15;JAMBI;1509;CASSIAVERA;0;0;0;HEKTAR;2022
;15;JAMBI;1509;KAKAO;134;144;63;HEKTAR;2022
;15;JAMBI;1509;PINANG;94;181;103;HEKTAR;2022
;15;JAMBI;1509;KOPI LIBERIKA;0;0;0;HEKTAR;2022
;15;JAMBI;1571;KARET;0;0;0;HEKTAR;2022
;15;JAMBI;1571;KELAPA SAWIT;0;0;0;HEKTAR;2022
;15;JAMBI;1571;KELAPA DALAM;0;0;0;HEKTAR;2022
;15;JAMBI;1571;KOPI ROBUSTA;0;0;0;HEKTAR;2022
;15;JAMBI;1571;KOPI ARABIKA;0;0;0;HEKTAR;2022
;15;JAMBI;1571;CASSIAVERA;0;0;0;HEKTAR;2022
;15;JAMBI;1571;KAKAO;0;0;0;HEKTAR;2022
;15;JAMBI;1571;PINANG;0;0;0;HEKTAR;2022
;15;JAMBI;1571;KOPI LIBERIKA;0;0;0;HEKTAR;2022
;15;JAMBI;1572;KARET;0;0;0;HEKTAR;2022
;15;JAMBI;1572;KELAPA SAWIT;0;0;0;HEKTAR;2022
;15;JAMBI;1572;KELAPA DALAM;0;3;1;HEKTAR;2022
;15;JAMBI;1572;KOPI ROBUSTA;0;223;145;HEKTAR;2022
;15;JAMBI;1572;KOPI ARABIKA;499;254;436;HEKTAR;2022
;15;JAMBI;1572;CASSIAVERA;30;156;6;HEKTAR;2022
;15;JAMBI;1572;KAKAO;0;98;25;HEKTAR;2022
;15;JAMBI;1572;PINANG;0;64;3;HEKTAR;2022
;15;JAMBI;1572;KOPI LIBERIKA;0;0;0;HEKTAR;2022
;15;JAMBI;1501;KARET;0;1605;87;HEKTAR;2023
;15;JAMBI;1501;KELAPA SAWIT;40;44;0;HEKTAR;2023
;15;JAMBI;1501;KELAPA DALAM;0;26;0;HEKTAR;2023
;15;JAMBI;1501;KOPI ROBUSTA;1108;4729;906;HEKTAR;2023
;15;JAMBI;1501;KOPI ARABIKA;1240;1365;0;HEKTAR;2023
;15;JAMBI;1501;CASSIAVERA;26890;14163;0;HEKTAR;2023
;15;JAMBI;1501;KAKAO;72;133;15;HEKTAR;2023
;15;JAMBI;1501;PINANG;18;67;0;HEKTAR;2023
;15;JAMBI;1501;KOPI LIBERIKA;0;0;0;HEKTAR;2023
;15;JAMBI;1502;KARET;36433;82496;18641;HEKTAR;2023
;15;JAMBI;1502;KELAPA SAWIT;9166;46660;14075;HEKTAR;2023
;15;JAMBI;1502;KELAPA DALAM;207;1063;58;HEKTAR;2023
;15;JAMBI;1502;KOPI ROBUSTA;3537;8104;5;HEKTAR;2023
;15;JAMBI;1502;KOPI ARABIKA;35;17;0;HEKTAR;2023
;15;JAMBI;1502;CASSIAVERA;2298;2140;0;HEKTAR;2023
;15;JAMBI;1502;KAKAO;106;99;2;HEKTAR;2023
;15;JAMBI;1502;PINANG;196;173;5;HEKTAR;2023
;15;JAMBI;1502;KOPI LIBERIKA;0;0;0;HEKTAR;2023
;15;JAMBI;1503;KARET;32656;62595;28728;HEKTAR;2023
;15;JAMBI;1503;KELAPA SAWIT;12848;39560;3826;HEKTAR;2023
;15;JAMBI;1503;KELAPA DALAM;71;245;42;HEKTAR;2023
;15;JAMBI;1503;KOPI ROBUSTA;333;531;24;HEKTAR;2023
;15;JAMBI;1503;KOPI ARABIKA;0;0;0;HEKTAR;2023
;15;JAMBI;1503;CASSIAVERA;147;200;200;HEKTAR;2023
;15;JAMBI;1503;KAKAO;33;16;0;HEKTAR;2023
;15;JAMBI;1503;PINANG;33;89;26;HEKTAR;2023
;15;JAMBI;1503;KOPI LIBERIKA;0;0;0;HEKTAR;2023
;15;JAMBI;1504;KARET;0;68660;3256;HEKTAR;2023
;15;JAMBI;1504;KELAPA SAWIT;12733;93090;6494;HEKTAR;2023
;15;JAMBI;1504;KELAPA DALAM;25;299;4;HEKTAR;2023
;15;JAMBI;1504;KOPI ROBUSTA;0;0;0;HEKTAR;2023
;15;JAMBI;1504;KOPI ARABIKA;0;0;0;HEKTAR;2023
;15;JAMBI;1504;CASSIAVERA;0;0;0;HEKTAR;2023
;15;JAMBI;1504;KAKAO;6;30;0;HEKTAR;2023
;15;JAMBI;1504;PINANG;28;37;0;HEKTAR;2023
;15;JAMBI;1504;KOPI LIBERIKA;0;0;0;HEKTAR;2023
;15;JAMBI;1505;KARET;9248;34632;6333;HEKTAR;2023
;15;JAMBI;1505;KELAPA SAWIT;19437;90044;30066;HEKTAR;2023
;15;JAMBI;1505;KELAPA DALAM;0;627;265;HEKTAR;2023
;15;JAMBI;1505;KOPI ROBUSTA;0;49;14;HEKTAR;2023
;15;JAMBI;1505;KOPI ARABIKA;0;0;0;HEKTAR;2023
;15;JAMBI;1505;CASSIAVERA;0;0;0;HEKTAR;2023
;15;JAMBI;1505;KAKAO;92;260;95;HEKTAR;2023
;15;JAMBI;1505;PINANG;217;138;15;HEKTAR;2023
;15;JAMBI;1505;KOPI LIBERIKA;0;0;0;HEKTAR;2023
;15;JAMBI;1506;KARET;1073;5740;263;HEKTAR;2023
;15;JAMBI;1506;KELAPA SAWIT;22797;58646;6716;HEKTAR;2023
;15;JAMBI;1506;KELAPA DALAM;4015;40275;7154;HEKTAR;2023
;15;JAMBI;1506;KOPI ROBUSTA;0;0;0;HEKTAR;2023
;15;JAMBI;1506;KOPI ARABIKA;0;0;0;HEKTAR;2023
;15;JAMBI;1506;CASSIAVERA;0;0;0;HEKTAR;2023
;15;JAMBI;1506;KAKAO;7;173;76;HEKTAR;2023
;15;JAMBI;1506;PINANG;3970;9644;237;HEKTAR;2023
;15;JAMBI;1506;KOPI LIBERIKA;424;2017;403;HEKTAR;2023
;15;JAMBI;1507;KARET;0;3716;3028;HEKTAR;2023
;15;JAMBI;1507;KELAPA SAWIT;787;30800;7293;HEKTAR;2023
;15;JAMBI;1507;KELAPA DALAM;359;50337;8211;HEKTAR;2023
;15;JAMBI;1507;KOPI ROBUSTA;0;0;0;HEKTAR;2023
;15;JAMBI;1507;KOPI ARABIKA;0;0;0;HEKTAR;2023
;15;JAMBI;1507;CASSIAVERA;0;0;0;HEKTAR;2023
;15;JAMBI;1507;KAKAO;31;324;81;HEKTAR;2023
;15;JAMBI;1507;PINANG;1151;8296;395;HEKTAR;2023
;15;JAMBI;1507;KOPI LIBERIKA;405;2279;780;HEKTAR;2023
;15;JAMBI;1508;KARET;28028;48911;14485;HEKTAR;2023
;15;JAMBI;1508;KELAPA SAWIT;26572;30119;14920;HEKTAR;2023
;15;JAMBI;1508;KELAPA DALAM;82;632;56;HEKTAR;2023
;15;JAMBI;1508;KOPI ROBUSTA;110;503;311;HEKTAR;2023
;15;JAMBI;1508;KOPI ARABIKA;0;0;0;HEKTAR;2023
;15;JAMBI;1508;CASSIAVERA;2;19;0;HEKTAR;2023
;15;JAMBI;1508;KAKAO;31;60;7;HEKTAR;2023
;15;JAMBI;1508;PINANG;65;80;15;HEKTAR;2023
;15;JAMBI;1508;KOPI LIBERIKA;0;0;0;HEKTAR;2023
;15;JAMBI;1509;KARET;32736;62604;18351;HEKTAR;2023
;15;JAMBI;1509;KELAPA SAWIT;15347;42614;11272;HEKTAR;2023
;15;JAMBI;1509;KELAPA DALAM;133;630;296;HEKTAR;2023
;15;JAMBI;1509;KOPI ROBUSTA;76;92;106;HEKTAR;2023
;15;JAMBI;1509;KOPI ARABIKA;0;0;0;HEKTAR;2023
;15;JAMBI;1509;CASSIAVERA;0;0;0;HEKTAR;2023
;15;JAMBI;1509;KAKAO;93;148;74;HEKTAR;2023
;15;JAMBI;1509;PINANG;74;141;132;HEKTAR;2023
;15;JAMBI;1509;KOPI LIBERIKA;0;0;0;HEKTAR;2023
;15;JAMBI;1571;KARET;0;0;0;HEKTAR;2023
;15;JAMBI;1571;KELAPA SAWIT;0;0;0;HEKTAR;2023
;15;JAMBI;1571;KELAPA DALAM;0;0;0;HEKTAR;2023
;15;JAMBI;1571;KOPI ROBUSTA;0;0;0;HEKTAR;2023
;15;JAMBI;1571;KOPI ARABIKA;0;0;0;HEKTAR;2023
;15;JAMBI;1571;CASSIAVERA;0;0;0;HEKTAR;2023
;15;JAMBI;1571;KAKAO;0;0;0;HEKTAR;2023
;15;JAMBI;1571;PINANG;0;0;0;HEKTAR;2023
;15;JAMBI;1571;KOPI LIBERIKA;0;0;0;HEKTAR;2023
;15;JAMBI;1572;KARET;0;0;0;HEKTAR;2023
;15;JAMBI;1572;KELAPA SAWIT;0;0;0;HEKTAR;2023
;15;JAMBI;1572;KELAPA DALAM;0;3;1;HEKTAR;2023
;15;JAMBI;1572;KOPI ROBUSTA;0;223;145;HEKTAR;2023
;15;JAMBI;1572;KOPI ARABIKA;264;522;191;HEKTAR;2023
;15;JAMBI;1572;CASSIAVERA;40;156;0;HEKTAR;2023
;15;JAMBI;1572;KAKAO;0;98;11;HEKTAR;2023
;15;JAMBI;1572;PINANG;0;64;3;HEKTAR;2023
;15;JAMBI;1572;KOPI LIBERIKA;0;0;0;HEKTAR;2023
;15;JAMBI;1501;KARET;0;1605;87;HEKTAR;2024
;15;JAMBI;1501;KELAPA SAWIT;65;19;0;HEKTAR;2024
;15;JAMBI;1501;KELAPA DALAM;0;26;0;HEKTAR;2024
;15;JAMBI;1501;KOPI ROBUSTA;1023;4839;906;HEKTAR;2024
;15;JAMBI;1501;KOPI ARABIKA;1524;1404;0;HEKTAR;2024
;15;JAMBI;1501;CASSIAVERA;26962;14215;0;HEKTAR;2024
;15;JAMBI;1501;KAKAO;72;133;15;HEKTAR;2024
;15;JAMBI;1501;PINANG;18;67;0;HEKTAR;2024
;15;JAMBI;1501;KOPI LIBERIKA;0;0;0;HEKTAR;2024
;15;JAMBI;1502;KARET;15835;102854;18529;HEKTAR;2024
;15;JAMBI;1502;KELAPA SAWIT;8222;52477;10035;HEKTAR;2024
;15;JAMBI;1502;KELAPA DALAM;169;1065;58;HEKTAR;2024
;15;JAMBI;1502;KOPI ROBUSTA;1227;10563;0;HEKTAR;2024
;15;JAMBI;1502;KOPI ARABIKA;11;36;0;HEKTAR;2024
;15;JAMBI;1502;CASSIAVERA;1531;2946;0;HEKTAR;2024
;15;JAMBI;1502;KAKAO;65;130;2;HEKTAR;2024
;15;JAMBI;1502;PINANG;70;294;5;HEKTAR;2024
;15;JAMBI;1502;KOPI LIBERIKA;0;0;0;HEKTAR;2024
;15;JAMBI;1503;KARET;28247;66499;26974;HEKTAR;2024
;15;JAMBI;1503;KELAPA SAWIT;13330;41287;3826;HEKTAR;2024
;15;JAMBI;1503;KELAPA DALAM;54;262;42;HEKTAR;2024
;15;JAMBI;1503;KOPI ROBUSTA;323;541;24;HEKTAR;2024
;15;JAMBI;1503;KOPI ARABIKA;0;0;0;HEKTAR;2024
;15;JAMBI;1503;CASSIAVERA;147;200;200;HEKTAR;2024
;15;JAMBI;1503;KAKAO;30;19;0;HEKTAR;2024
;15;JAMBI;1503;PINANG;23;99;26;HEKTAR;2024
;15;JAMBI;1503;KOPI LIBERIKA;0;0;0;HEKTAR;2024
;15;JAMBI;1504;KARET;0;68638;3193;HEKTAR;2024
;15;JAMBI;1504;KELAPA SAWIT;13093,06;93145;6494;HEKTAR;2024
;15;JAMBI;1504;KELAPA DALAM;25;299;4;HEKTAR;2024
;15;JAMBI;1504;KOPI ROBUSTA;0;0;0;HEKTAR;2024
;15;JAMBI;1504;KOPI ARABIKA;0;0;0;HEKTAR;2024
;15;JAMBI;1504;CASSIAVERA;0;0;0;HEKTAR;2024
;15;JAMBI;1504;KAKAO;6;30;0;HEKTAR;2024
;15;JAMBI;1504;PINANG;27.05.00;36.05.00;0;HEKTAR;2024
;15;JAMBI;1504;KOPI LIBERIKA;0;0;0;HEKTAR;2024
;15;JAMBI;1505;KARET;9248;33835;6641;HEKTAR;2024
;15;JAMBI;1505;KELAPA SAWIT;14744,52;95670;29760;HEKTAR;2024
;15;JAMBI;1505;KELAPA DALAM;0;603;224;HEKTAR;2024
;15;JAMBI;1505;KOPI ROBUSTA;0;49;14;HEKTAR;2024
;15;JAMBI;1505;KOPI ARABIKA;0;0;0;HEKTAR;2024
;15;JAMBI;1505;CASSIAVERA;0;0;0;HEKTAR;2024
;15;JAMBI;1505;KAKAO;0;149;123;HEKTAR;2024
;15;JAMBI;1505;PINANG;287;138;15;HEKTAR;2024
;15;JAMBI;1505;KOPI LIBERIKA;0;0;0;HEKTAR;2024
;15;JAMBI;1506;KARET;1031;5489;239;HEKTAR;2024
;15;JAMBI;1506;KELAPA SAWIT;23309;58807;6509;HEKTAR;2024
;15;JAMBI;1506;KELAPA DALAM;3805;40414;7115;HEKTAR;2024
;15;JAMBI;1506;KOPI ROBUSTA;0;0;0;HEKTAR;2024
;15;JAMBI;1506;KOPI ARABIKA;0;0;0;HEKTAR;2024
;15;JAMBI;1506;CASSIAVERA;0;0;0;HEKTAR;2024
;15;JAMBI;1506;KAKAO;2;171;76;HEKTAR;2024
;15;JAMBI;1506;PINANG;3903;9709;232;HEKTAR;2024
;15;JAMBI;1506;KOPI LIBERIKA;399;2034;410;HEKTAR;2024
;15;JAMBI;1507;KARET;0;3716;3028;HEKTAR;2024
;15;JAMBI;1507;KELAPA SAWIT;2796;29832;8663;HEKTAR;2024
;15;JAMBI;1507;KELAPA DALAM;459;50337;8111;HEKTAR;2024
;15;JAMBI;1507;KOPI ROBUSTA;0;0;0;HEKTAR;2024
;15;JAMBI;1507;KOPI ARABIKA;0;0;0;HEKTAR;2024
;15;JAMBI;1507;CASSIAVERA;0;0;0;HEKTAR;2024
;15;JAMBI;1507;KAKAO;31;324;81;HEKTAR;2024
;15;JAMBI;1507;PINANG;1151;8296;395;HEKTAR;2024
;15;JAMBI;1507;KOPI LIBERIKA;405;2279;780;HEKTAR;2024
;15;JAMBI;1508;KARET;27681;49175;14248;HEKTAR;2024
;15;JAMBI;1508;KELAPA SAWIT;27419;31311;14791;HEKTAR;2024
;15;JAMBI;1508;KELAPA DALAM;85;626;59;HEKTAR;2024
;15;JAMBI;1508;KOPI ROBUSTA;115;507;311;HEKTAR;2024
;15;JAMBI;1508;KOPI ARABIKA;0;0;0;HEKTAR;2024
;15;JAMBI;1508;CASSIAVERA;1;17;0;HEKTAR;2024
;15;JAMBI;1508;KAKAO;34;61;7;HEKTAR;2024
;15;JAMBI;1508;PINANG;64;81;15;HEKTAR;2024
;15;JAMBI;1508;KOPI LIBERIKA;0;0;0;HEKTAR;2024
;15;JAMBI;1509;KARET;31735;62640;18809;HEKTAR;2024
;15;JAMBI;1509;KELAPA SAWIT;15225;42630,78;12132;HEKTAR;2024
;15;JAMBI;1509;KELAPA DALAM;104;547;280;HEKTAR;2024
;15;JAMBI;1509;KOPI ROBUSTA;60;84;112;HEKTAR;2024
;15;JAMBI;1509;KOPI ARABIKA;0;0;0;HEKTAR;2024
;15;JAMBI;1509;CASSIAVERA;0;0;0;HEKTAR;2024
;15;JAMBI;1509;KAKAO;68;127;78;HEKTAR;2024
;15;JAMBI;1509;PINANG;51;114;128;HEKTAR;2024
;15;JAMBI;1509;KOPI LIBERIKA;0;0;0;HEKTAR;2024
;15;JAMBI;1571;KARET;0;0;0;HEKTAR;2024
;15;JAMBI;1571;KELAPA SAWIT;0;0;0;HEKTAR;2024
;15;JAMBI;1571;KELAPA DALAM;0;0;0;HEKTAR;2024
;15;JAMBI;1571;KOPI ROBUSTA;0;0;0;HEKTAR;2024
;15;JAMBI;1571;KOPI ARABIKA;0;0;0;HEKTAR;2024
;15;JAMBI;1571;CASSIAVERA;0;0;0;HEKTAR;2024
;15;JAMBI;1571;KAKAO;0;0;0;HEKTAR;2024
;15;JAMBI;1571;PINANG;0;0;0;HEKTAR;2024
;15;JAMBI;1571;KOPI LIBERIKA;0;0;0;HEKTAR;2024
;15;JAMBI;1572;KARET;0;0;0;HEKTAR;2024
;15;JAMBI;1572;KELAPA SAWIT;0;0;0;HEKTAR;2024
;15;JAMBI;1572;KELAPA DALAM;0;3;1;HEKTAR;2024
;15;JAMBI;1572;KOPI ROBUSTA;264;605;0;HEKTAR;2024
;15;JAMBI;1572;KOPI ARABIKA;111;753;80;HEKTAR;2024
;15;JAMBI;1572;CASSIAVERA;140;196;0;HEKTAR;2024
;15;JAMBI;1572;KAKAO;0;98;0;HEKTAR;2024
;15;JAMBI;1572;PINANG;0;64;3;HEKTAR;2024
;15;JAMBI;1572;KOPI LIBERIKA;0;0;0;HEKTAR;2024
